symbol,period,basis,metric,block,n_high,n_low,high_mean,low_mean,high_median,low_median,difference,change_percent,ci_low,ci_high,p,p_holm
RTS,все,mean,delta_st,20,507,652,9.798816568047338,5.552147239263804,10.0,5.0,4.2466693287835335,76.48697244107358,3.690522882481457,4.755007601930656,0.0001999600079984003,
RTS,все,mean,delta_sma,20,507,652,11.380670611439843,7.0996932515337425,11.0,7.0,4.2809773599061005,60.29806089131081,3.5912784977722265,4.931868721993778,0.0001999600079984003,
RTS,все,mean,delta_st_hour,20,507,652,0.7003008880922944,0.3964670238596652,0.6742330598943701,0.40447165132161766,0.3038338642326292,76.6353431553428,0.2729738395080781,0.3337696731372079,0.0001999600079984003,
RTS,все,mean,delta_sma_hour,20,507,652,0.8152302313260817,0.5059177589835963,0.8000507968759921,0.47370598543942666,0.3093124723424855,61.13888410715279,0.2678897392679479,0.35138565287124013,0.0001999600079984003,
RTS,все,mean,delta_st_100,20,507,652,4.384511334551259,4.377861790506287,4.406779661016949,4.3478260869565215,0.006649544044972089,0.1518902231996476,-0.18087835582345632,0.1804249443555756,0.9400119976004799,
RTS,все,mean,delta_sma_100,20,507,652,5.146270862521746,5.683337427797406,5.0,5.511811023622047,-0.5370665652756603,-9.449844780442712,-0.8086188467055831,-0.2900405795583547,0.0001999600079984003,
RTS,все,mean,time5_st,20,507,661,4.037475345167653,4.093797276853253,4.0,4.0,-0.0563219316855994,-1.3757870230665634,-0.3119891641981619,0.1206919624450504,0.6472705458908218,
RTS,все,mean,time5_sma,20,507,661,8.570019723865878,9.59606656580938,8.0,9.0,-1.0260468419435025,-10.692368950412346,-1.4996068370164966,-0.6274273688111304,0.0001999600079984003,
RTS,все,mean,time5_st_hour,20,507,661,0.28916573061883066,0.29501849569632405,0.2697942818600817,0.289127586020376,-0.005852765077493383,-1.98386377900791,-0.020686747804224557,0.006632540548002442,0.4117176564687063,
RTS,все,mean,time5_sma_hour,20,507,661,0.6103392719458283,0.6884084433518299,0.5788479201903782,0.6742078058281519,-0.07806917140600167,-11.340530779356273,-0.10428522591389125,-0.0505181452808372,0.0001999600079984003,
RTS,все,mean,time5_st_100,20,507,661,2.4425477749999662,2.4930132535095058,2.2857142857142856,2.4390243902439024,-0.05046547850953953,-2.0242763827467596,-0.17415009763415987,0.05617732704219632,0.39812037592481503,
RTS,все,mean,time5_sma_100,20,507,661,5.154455295873658,5.818333164719721,4.878048780487805,5.681818181818182,-0.6638778688460638,-11.41010406333519,-0.8818886821210113,-0.42926275982717316,0.0001999600079984003,
RTS,все,mean,time1_st,20,507,663,28.045364891518737,29.374057315233784,28.0,30.0,-1.3286924237150473,-4.523353411671765,-2.855155773851233,-0.18542979884859256,0.057788442311537694,
RTS,все,mean,time1_sma,20,507,663,47.03747534516765,49.84313725490196,47.0,51.0,-2.8056619097343116,-5.628983375155385,-4.980144029194002,-1.5574029744068976,0.004199160167966407,
RTS,все,mean,time1_st_hour,20,507,663,1.9969881040123223,2.101018875855996,1.955275727214614,2.090357344527659,-0.10403077184367371,-4.951443941753714,-0.16809556061405784,-0.038543682969475135,0.001799640071985603,
RTS,все,mean,time1_sma_hour,20,507,663,3.3624035787143223,3.5822373087728847,3.3039275663702203,3.572498435206365,-0.21983373005856244,-6.136771830280214,-0.2909067631684348,-0.15338366205563064,0.0001999600079984003,
RTS,все,mean,time1_st_100,20,507,663,3.336705867274599,3.5124159804360935,3.265765765765766,3.490990990990991,-0.17571011316149443,-5.0025428121323685,-0.28082783130834527,-0.0649679215461853,0.0015996800639872025,
RTS,все,mean,time1_sma_100,20,507,663,5.618353005394589,5.990224833559304,5.518018018018018,5.968468468468468,-0.3718718281647151,-6.207977805463343,-0.4861756035164735,-0.25653788314154596,0.0001999600079984003,
RTS,все,mean,time15_st,20,507,658,1.3944773175542406,1.250759878419453,1.0,1.0,0.14371743913478774,11.490410079063224,0.032070225252768286,0.26218940418624975,0.01259748050389922,
RTS,все,mean,time15_sma,20,507,658,2.510848126232742,2.8480243161094223,2.0,2.0,-0.3371761898766805,-11.838950530355167,-0.591769334024713,-0.12604825559719807,0.005398920215956809,
RTS,все,mean,time15_st_hour,20,507,658,0.10113695036474915,0.09018471063316624,0.10170066105429684,0.07226593285161932,0.010952239731582908,12.14423116145712,0.003143566058571465,0.019632277926183054,0.008998200359928014,
RTS,все,mean,time15_sma_hour,20,507,658,0.1797658614793415,0.20328931191695992,0.14455218936336806,0.19359001935900194,-0.023523450437618415,-11.571415248445193,-0.041006427338340465,-0.009006898433999756,0.003799240151969606,
RTS,все,mean,time15_st_100,20,507,658,2.6116196573409414,2.3245884864612036,2.6315789473684212,1.8518518518518519,0.28703117087973773,12.347612170990942,0.0807505461253868,0.5135427478015316,0.010397920415916816,
RTS,все,mean,time15_sma_100,20,507,658,4.633614075345921,5.234319824724968,3.7037037037037037,5.0,-0.6007057493790464,-11.47629051135808,-1.0477300679958872,-0.22616510559657824,0.004199160167966407,
RTS,все,mean,time5_er,20,507,661,0.11116136954164528,0.08093501627292311,0.09967845659163987,0.06736292428198433,0.030226353268722167,37.346447385387656,0.02354634562219576,0.03757620322190684,0.0001999600079984003,
RTS,все,mean,time5_range,20,507,661,3743.3925049309664,2323.888048411498,2830.0,1940.0,1419.5044565194685,61.08316867887745,1163.0153731573844,1799.7475642603679,0.0001999600079984003,
RTS,все,mean,delta_bars,20,507,663,223.12426035502958,123.75113122171946,212.0,127.0,99.37312913331012,80.30078444718833,87.34406479904248,106.75977617445393,0.0001999600079984003,
RTS,все,mean,delta_complete_st,20,507,652,9.798816568047338,5.552147239263804,10.0,5.0,4.2466693287835335,76.48697244107358,3.690522882481457,4.755007601930656,0.0001999600079984003,
RTS,все,mean,delta_complete_sma,20,507,652,11.3767258382643,7.095092024539877,11.0,7.0,4.281633813724422,60.346416916306175,3.591813844933491,4.934065482219898,0.0001999600079984003,
RTS,все,mean,delta_weekends_st,20,507,652,9.80276134122288,5.54601226993865,10.0,5.0,4.256749071284229,76.75332949328865,3.697884830623562,4.763811593574477,0.0001999600079984003,
RTS,все,mean,delta_weekends_sma,20,507,652,11.382642998027613,7.105828220858895,11.0,7.0,4.276814777168718,60.187421427023615,3.581181750777271,4.9336341271736455,0.0001999600079984003,
RTS,все,mean,fixed_delta_st,20,455,609,8.351648351648352,4.970443349753695,8.0,5.0,3.3812050018946573,68.02622550888161,3.0066866526293348,3.773471584546603,0.0001999600079984003,
RTS,все,mean,fixed_delta_sma,20,455,609,9.516483516483516,6.280788177339901,9.0,6.0,3.235695339143615,51.51734539969834,2.7517361988747053,3.7431498975037183,0.0001999600079984003,
RTS,все,mean,fixed_delta_st_100,20,455,609,4.358818501084254,4.476902882452768,4.395604395604396,4.545454545454546,-0.11808438136851329,-2.637635536641756,-0.3160178086575173,0.07051173626647236,0.22675464907018597,
RTS,все,mean,fixed_delta_sma_100,20,455,609,5.010171091322418,5.762682836507319,4.761904761904762,5.517241379310345,-0.7525117451849015,-13.058357826282666,-1.0395652575202716,-0.48308023135722644,0.0001999600079984003,
RTS,все,mean,fixed_time5_st,20,455,609,2.731868131868132,2.793103448275862,3.0,3.0,-0.06123531640773017,-2.192375525708858,-0.22994723462727523,0.08997175116700863,0.46230753849230155,
RTS,все,mean,fixed_time5_sma,20,455,609,5.294505494505494,6.239737274220033,5.0,6.0,-0.9452317797145389,-15.148582995951426,-1.2295372080923197,-0.6081258730225174,0.0001999600079984003,
RTS,все,mean,fixed_time5_st_100,20,455,609,2.6267962806424343,2.685676392572944,2.8846153846153846,2.8846153846153846,-0.05888011193050957,-2.1923755257088504,-0.22110311021853396,0.08651129919904642,0.46230753849230155,
RTS,все,mean,fixed_time5_sma_100,20,455,609,5.090870667793744,5.999747379057723,4.8076923076923075,5.769230769230769,-0.9088767112639795,-15.148582995951424,-1.1822473154733846,-0.5847364163678055,0.0001999600079984003,
RTS,все,median,delta_st,20,565,594,9.458407079646017,5.461279461279461,9.0,5.0,3.997127618366556,73.1903145903124,3.45046779750499,4.516216213828164,0.0001999600079984003,
RTS,все,median,delta_sma,20,565,594,11.026548672566372,7.018518518518518,10.0,7.0,4.008030154047854,57.10649823709344,3.3279226401927384,4.6627152062969115,0.0001999600079984003,
RTS,все,median,delta_st_hour,20,565,594,0.6769346515849956,0.3890252048380008,0.6536595028226206,0.4044375638815321,0.28790944674699476,74.0079159824328,0.2580733753059182,0.3184004114141175,0.0001999600079984003,
RTS,все,median,delta_sma_hour,20,565,594,0.7911890693661758,0.49858296624198456,0.7419481760440673,0.47202943717727275,0.2926061031241913,58.68754508997335,0.25201786488440703,0.33385150497274513,0.0001999600079984003,
RTS,все,median,delta_st_100,20,565,594,4.359645874670173,4.400863998045353,4.371584699453552,4.3597053932050365,-0.04121812337518005,-0.9365916191340407,-0.23854927557865763,0.14785097339614775,0.674865026994601,
RTS,все,median,delta_sma_100,20,565,594,5.141951522680249,5.73988673385201,5.0,5.592233853103418,-0.5979352111717606,-10.417195301874699,-0.8792016526998043,-0.34125792241458475,0.0001999600079984003,
RTS,все,median,time5_st,20,565,603,4.070796460176991,4.067993366500829,4.0,4.0,0.0028030936761620495,0.0689060532705143,-0.25489171797801874,0.18462279490898892,0.9802039592081584,
RTS,все,median,time5_sma,20,565,603,8.619469026548673,9.648424543946932,8.0,10.0,-1.0289555173982592,-10.664492557427815,-1.506121429233846,-0.6249106642084729,0.0001999600079984003,
RTS,все,median,time5_st_hour,20,565,603,0.291854192496806,0.293062408488096,0.289110183103116,0.26977406422121475,-0.001208215991290007,-0.41227259324154636,-0.01688450121884566,0.012145559094400404,0.8670265946810638,
RTS,все,median,time5_sma_hour,20,565,603,0.615956298426034,0.6906545328712858,0.5940789929014492,0.6742078058281519,-0.0746982344452517,-10.815571445640956,-0.10174680368450115,-0.04635894898247089,0.0001999600079984003,
RTS,все,median,time5_st_100,20,565,603,2.465221715562194,2.4766222441162964,2.4390243902439024,2.2857142857142856,-0.01140052855410234,-0.4603256948525977,-0.14208438523019024,0.10329574492757757,0.851629674065187,
RTS,все,median,time5_sma_100,20,565,603,5.202424543245849,5.837242437734288,5.0,5.681818181818182,-0.6348178944884388,-10.875304585341874,-0.8611350475397426,-0.39271805975464275,0.0001999600079984003,
RTS,все,median,time1_st,20,565,605,27.96283185840708,29.578512396694215,28.0,30.0,-1.6156805382871369,-5.4623454912753155,-3.0647660882430308,-0.47401097199959713,0.019396120775844832,
RTS,все,median,time1_sma,20,565,605,46.849557522123895,50.287603305785126,47.0,51.0,-3.438045783661231,-6.836766037059705,-5.491471342557966,-2.282614849372075,0.0007998400319936012,
RTS,все,median,time1_st_hour,20,565,605,1.9995146005509938,2.108632618372664,1.9553857025456407,2.0909056844156333,-0.10911801782166997,-5.174823573860948,-0.17234687881242933,-0.045581536882245005,0.0011997600479904018,
RTS,все,median,time1_sma_hour,20,565,605,3.3641017107004596,3.6017264191385525,3.3035561321005953,3.573568873226202,-0.2376247084380929,-6.597522431893289,-0.3099413757242783,-0.17275908905963341,0.0001999600079984003,
RTS,все,median,time1_st_100,20,565,605,3.341038459410785,3.525214777140924,3.265765765765766,3.4949267192784665,-0.18417631773013898,-5.224541747765865,-0.28793979636544076,-0.07603910638751676,0.0011997600479904018,
RTS,все,median,time1_sma_100,20,565,605,5.62138014671659,6.023048356181821,5.518018018018018,5.968468468468468,-0.40166820946523085,-6.668852476553245,-0.5180534298975709,-0.28905731665825035,0.0001999600079984003,
RTS,все,median,time15_st,20,565,600,1.3716814159292035,1.2583333333333333,1.0,1.0,0.11334808259587015,9.007794643380409,0.008002964918509922,0.22942706150914652,0.04779044191161767,
RTS,все,median,time15_sma,20,565,600,2.5309734513274336,2.861666666666667,2.0,2.0,-0.33069321533923324,-11.55596559135352,-0.5733752255417184,-0.12973378236888683,0.003999200159968006,
RTS,все,median,time15_st_hour,20,565,600,0.10010320789875707,0.09009943494792244,0.09682364648610849,0.07226593285161932,0.010003772950834627,11.103036280545842,0.002238595273998417,0.018442352851155634,0.015796840631873626,
RTS,все,median,time15_sma_hour,20,565,600,0.18223071962119022,0.20324217070902212,0.14455508864931157,0.19789209843718458,-0.021011451087831895,-10.338135542703675,-0.03822462647917816,-0.006888972321808926,0.010997800439912017,
RTS,все,median,time15_st_100,20,565,600,2.586168577102487,2.3208085738340403,2.5,1.8518518518518519,0.26536000326844666,11.433946179803383,0.0612976634906285,0.49077960134922155,0.016396720655868825,
RTS,все,median,time15_sma_100,20,565,600,4.69959465274897,5.230256336777071,3.7037037037037037,5.086206896551724,-0.5306616840281011,-10.145997631066384,-0.9816396364931996,-0.16289822682288418,0.013397320535892822,
RTS,все,median,time5_er,20,565,603,0.11009597147748985,0.07902593072841553,0.09866220735785954,0.06685044796691937,0.031070040749074324,39.31626045108052,0.02435023928138275,0.038354011898615994,0.0001999600079984003,
RTS,все,median,time5_range,20,565,603,3640.070796460177,2284.1625207296847,2760.0,1890.0,1355.9082757304923,59.36128727378567,1120.2780131038166,1735.2158666836733,0.0001999600079984003,
RTS,все,median,delta_bars,20,565,605,215.8513274336283,121.01652892561984,207.0,125.0,94.83479850800848,78.36516164357731,83.15121124887544,102.32154542267367,0.0001999600079984003,
RTS,все,median,delta_complete_st,20,565,594,9.458407079646017,5.461279461279461,9.0,5.0,3.997127618366556,73.1903145903124,3.45046779750499,4.516216213828164,0.0001999600079984003,
RTS,все,median,delta_complete_sma,20,565,594,11.023008849557522,7.013468013468014,10.0,7.0,4.009540836089508,57.16916122508804,3.3310302766046376,4.662682088433256,0.0001999600079984003,
RTS,все,median,delta_weekends_st,20,565,594,9.461946902654867,5.454545454545454,9.0,5.0,4.007401448109413,73.46902654867259,3.4607576388721313,4.5270693070815975,0.0001999600079984003,
RTS,все,median,delta_weekends_sma,20,565,594,11.028318584070796,7.025252525252525,10.0,7.0,4.003066058818271,56.9810984648467,3.32436677428607,4.659867351435434,0.0001999600079984003,
RTS,все,median,fixed_delta_st,20,513,551,8.113060428849902,4.836660617059891,8.0,5.0,3.276399811790011,67.74094920436383,2.934818818903882,3.6516072781673907,0.0001999600079984003,
RTS,все,median,fixed_delta_sma,20,513,551,9.292397660818713,6.1488203266787655,9.0,6.0,3.1435773341399473,51.1248852157943,2.6633449812936583,3.6272432332220976,0.0001999600079984003,
RTS,все,median,fixed_delta_st_100,20,513,551,4.374524325865186,4.474710152882452,4.421768707482993,4.545454545454546,-0.10018582701726686,-2.238934447021795,-0.28515344788194125,0.08989609602591815,0.2903419316136773,
RTS,все,median,fixed_delta_sma_100,20,513,551,5.066604365444552,5.789353274975684,4.827586206896552,5.6,-0.7227489095311324,-12.484104444881506,-1.0228226449638471,-0.4576819796673308,0.0001999600079984003,
RTS,все,median,fixed_time5_st,20,513,551,2.732943469785575,2.798548094373866,3.0,3.0,-0.06560462458829086,-2.3442378824998875,-0.24299770352608455,0.09588833190215011,0.4611077784443111,
RTS,все,median,fixed_time5_sma,20,513,551,5.376218323586745,6.2631578947368425,5.0,6.0,-0.8869395711500978,-14.161220043572989,-1.174414210128496,-0.52901234501795,0.0001999600079984003,
RTS,все,median,fixed_time5_st_100,20,513,551,2.6278302594092064,2.69091162920564,2.8846153846153846,2.8846153846153846,-0.06308136979643342,-2.344237882499884,-0.23365163800585043,0.0922003191366826,0.4611077784443111,
RTS,все,median,fixed_time5_sma_100,20,513,551,5.169440695756485,6.022267206477732,4.8076923076923075,5.769230769230769,-0.8528265107212469,-14.161220043572976,-1.1292444328158604,-0.5086657163634121,0.0001999600079984003,
RTS,2022–2025,mean,delta_st,20,419,546,9.770883054892602,5.611721611721611,10.0,6.0,4.159161443170991,74.11560535154572,3.5089310371799685,4.714139906446217,0.0001999600079984003,
RTS,2022–2025,mean,delta_sma,20,419,546,11.157517899761336,7.135531135531136,11.0,7.0,4.0219867642302,56.36562559727128,3.2734028259839807,4.734432602993923,0.0001999600079984003,
RTS,2022–2025,mean,delta_st_hour,20,419,546,0.6932048364617744,0.39766896142154295,0.6742330093843496,0.4044716588955677,0.2955358750402315,74.31705858656471,0.2605921540915815,0.3277554262895515,0.0001999600079984003,
RTS,2022–2025,mean,delta_sma_hour,20,419,546,0.795094663036839,0.5057721267236277,0.7952764754567638,0.47370598543942666,0.28932253631321125,57.20412830723422,0.24519674662106897,0.3334469123311693,0.0001999600079984003,
RTS,2022–2025,mean,delta_st_100,20,419,546,4.408159283185399,4.429608266059942,4.419889502762431,4.424778761061947,-0.021448982874543,-0.4842185038999281,-0.22420969999099913,0.1667071089517651,0.8278344331133773,
RTS,2022–2025,mean,delta_sma_100,20,419,546,5.101269490376949,5.721671820823904,4.98220640569395,5.588327145286096,-0.6204023304469546,-10.843025428145204,-0.9072239735174296,-0.32781459119149897,0.0001999600079984003,
RTS,2022–2025,mean,time5_st,20,419,555,4.121718377088306,4.104504504504504,4.0,4.0,0.01721387258380158,0.4193897841970974,-0.2924615727126839,0.21624106805565316,0.9004199160167966,
RTS,2022–2025,mean,time5_sma,20,419,555,8.455847255369928,9.538738738738738,8.0,10.0,-1.08289148336881,-11.352564663197763,-1.619949353491361,-0.6675440068525638,0.0001999600079984003,
RTS,2022–2025,mean,time5_st_hour,20,419,555,0.293365858280419,0.2949523951299132,0.28911017729862315,0.28915662069966624,-0.0015865368494942245,-0.5378959030983378,-0.01755407790099154,0.012436796324308658,0.8422315536892622,
RTS,2022–2025,mean,time5_sma_hour,20,419,555,0.6006945916529199,0.685687445871376,0.5781622690700953,0.6742330093843496,-0.08499285421845604,-12.39527640912932,-0.11182393387426139,-0.05670242291265181,0.0001999600079984003,
RTS,2022–2025,mean,time5_st_100,20,419,555,2.477771314011228,2.4925653370378393,2.4390243902439024,2.4390243902439024,-0.01479402302661148,-0.5935259873345055,-0.1483197680119165,0.10519575245307695,0.8260347930413917,
RTS,2022–2025,mean,time5_sma_100,20,419,555,5.072281613772843,5.796198803028692,4.878048780487805,5.681818181818182,-0.7239171892558494,-12.489516213239277,-0.9472250032949476,-0.48042000588882855,0.0001999600079984003,
RTS,2022–2025,mean,time1_st,20,419,557,27.816229116945106,28.678635547576302,28.0,30.0,-0.8624064306311965,-3.0071389874895234,-2.7539903823962195,0.3016744493489207,0.29774045190961806,
RTS,2022–2025,mean,time1_sma,20,419,557,46.902147971360385,49.601436265709154,47.0,51.0,-2.6992882943487686,-5.441955914117071,-5.302399562280217,-1.5302080684615682,0.021195760847830435,
RTS,2022–2025,mean,time1_st_hour,20,419,557,1.974571820962197,2.0533554962384746,1.952356044824729,2.037864016604818,-0.07878367527627761,-3.8368258891653584,-0.15504454256831376,-0.007444586494320339,0.038792241551689664,
RTS,2022–2025,mean,time1_sma_hour,20,419,557,3.3471588971807167,3.5716832587406833,3.3029376316061025,3.572966731466326,-0.22452436155996658,-6.286233836959276,-0.3057271546768328,-0.16026335461539468,0.0001999600079984003,
RTS,2022–2025,mean,time1_st_100,20,419,557,3.299262790282351,3.433149599467242,3.260869565217391,3.409090909090909,-0.13388680918489104,-3.89982449951111,-0.25895908571963777,-0.012869445415347652,0.033593281343731254,
RTS,2022–2025,mean,time1_sma_100,20,419,557,5.592931496636387,5.973508673133075,5.518018018018018,5.968468468468468,-0.3805771764966881,-6.371082680576025,-0.5108756080354532,-0.2684680149246572,0.0001999600079984003,
RTS,2022–2025,mean,time15_st,20,419,552,1.4176610978520285,1.2318840579710144,1.0,1.0,0.18577703988101413,15.08072441387056,0.05455997997944927,0.312842339199191,0.005598880223955209,
RTS,2022–2025,mean,time15_sma,20,419,552,2.5250596658711215,2.838768115942029,2.0,2.0,-0.3137084500709073,-11.05086563108748,-0.612552540391761,-0.0682588346119592,0.029194161167766446,
RTS,2022–2025,mean,time15_st_hour,20,419,552,0.10261689324664171,0.08830758425747699,0.09682364648610849,0.06744983418582429,0.014309308989164715,16.203941155771282,0.005285212672797069,0.023075434554757395,0.0021995600879824036,
RTS,2022–2025,mean,time15_sma_hour,20,419,552,0.1799062347797579,0.20243966062700885,0.13489714093004085,0.19359001935900194,-0.02253342584725096,-11.130934411497734,-0.04259685689800862,-0.0055366064155946285,0.01879624075184963,
RTS,2022–2025,mean,time15_st_100,20,419,552,2.6503356546014425,2.275420417908771,2.5,1.7543859649122806,0.37491523669267135,16.476745736387382,0.13625608975215273,0.6098751385506319,0.002599480103979204,
RTS,2022–2025,mean,time15_sma_100,20,419,552,4.636503957836363,5.211860603086237,3.508771929824561,5.0,-0.5753566452498733,-11.039371331404606,-1.0876237939982003,-0.1377673033573279,0.019396120775844832,
RTS,2022–2025,mean,time5_er,20,419,555,0.10980615071091832,0.08135495089954291,0.09940891993551854,0.06763285024154589,0.028451199811375408,34.97168825841583,0.02177379157482423,0.03748266379260352,0.0001999600079984003,
RTS,2022–2025,mean,time5_range,20,419,555,3879.1169451073984,2426.4324324324325,2850.0,1990.0,1452.6845126749658,59.869151650709235,1150.9181956195368,1925.335143181089,0.0001999600079984003,
RTS,2022–2025,mean,delta_bars,20,419,557,221.19570405727924,122.8330341113106,210.0,127.0,98.36266994596865,80.07835242173775,84.50768245672248,106.06266098531782,0.0001999600079984003,
RTS,2022–2025,mean,delta_complete_st,20,419,546,9.770883054892602,5.611721611721611,10.0,6.0,4.159161443170991,74.11560535154572,3.5089310371799685,4.714139906446217,0.0001999600079984003,
RTS,2022–2025,mean,delta_complete_sma,20,419,546,11.152744630071599,7.1300366300366305,11.0,7.0,4.022708000034968,56.41917719031833,3.2738798171393393,4.731606997461154,0.0001999600079984003,
RTS,2022–2025,mean,delta_weekends_st,20,419,546,9.766109785202865,5.604395604395604,10.0,6.0,4.161714180807261,74.25803734381583,3.5114905146529694,4.714354448013945,0.0001999600079984003,
RTS,2022–2025,mean,delta_weekends_sma,20,419,546,11.159904534606206,7.135531135531136,11.0,7.0,4.02437339907507,56.39907278991242,3.2750896713976427,4.7351787835767505,0.0001999600079984003,
RTS,2022–2025,mean,fixed_delta_st,20,374,517,8.481283422459892,5.036750483558994,8.0,5.0,3.444532938900898,68.38800036143488,3.006240412208412,3.8779994879963593,0.0001999600079984003,
RTS,2022–2025,mean,fixed_delta_sma,20,374,517,9.502673796791443,6.32495164410058,9.0,6.0,3.177722152690863,50.24105054865982,2.629102331698492,3.75651450224446,0.0001999600079984003,
RTS,2022–2025,mean,fixed_delta_st_100,20,374,517,4.3903011103391245,4.523987490862724,4.416766706682673,4.545454545454546,-0.13368638052359927,-2.95505636993053,-0.3479854449055554,0.0664727750677484,0.20355928814237154,
RTS,2022–2025,mean,fixed_delta_sma_100,20,374,517,4.95707526387461,5.766218907739277,4.739864864864865,5.6,-0.8091436438646671,-14.032482235085705,-1.1282805259254027,-0.5098670795505214,0.0001999600079984003,
RTS,2022–2025,mean,fixed_time5_st,20,374,517,2.7754010695187166,2.8259187620889747,3.0,3.0,-0.05051769257025818,-1.7876555139509567,-0.24192626535773099,0.12934736927607277,0.6010797840431914,
RTS,2022–2025,mean,fixed_time5_sma,20,374,517,5.278074866310161,6.152804642166345,5.0,6.0,-0.874729775856184,-14.216764983264607,-1.2096961355970952,-0.5453777379130378,0.0001999600079984003,
RTS,2022–2025,mean,fixed_time5_st_100,20,374,517,2.668654874537227,2.7172295789317062,2.8846153846153846,2.8846153846153846,-0.048574704394479085,-1.7876555139509593,-0.2326214089978181,0.12437247045776277,0.6010797840431914,
RTS,2022–2025,mean,fixed_time5_sma_100,20,374,517,5.075071986836692,5.91615830977533,4.8076923076923075,5.769230769230769,-0.8410863229386383,-14.216764983264603,-1.1631693611510538,-0.5244016710702286,0.0001999600079984003,
RTS,2022–2025,median,delta_st,20,475,490,9.387368421052631,5.5081632653061225,9.0,6.0,3.879205155746509,70.42647374271172,3.248857180248117,4.435549804041789,0.0001999600079984003,
RTS,2022–2025,median,delta_sma,20,475,490,10.770526315789473,7.051020408163265,10.0,7.0,3.719505907626208,52.75131388529209,2.9845926700429835,4.423175822344967,0.0001999600079984003,
RTS,2022–2025,median,delta_st_hour,20,475,490,0.667473407228923,0.38883716526511736,0.6512300882129344,0.4044489345349873,0.27863624196380565,71.65885024746171,0.24646475422190095,0.31042217854057613,0.0001999600079984003,
RTS,2022–2025,median,delta_sma_hour,20,475,490,0.7691573554497939,0.4978500023773144,0.7416424619975193,0.4719808210967935,0.2713073530724795,54.49580230530138,0.229537166689554,0.3150897619108305,0.0001999600079984003,
RTS,2022–2025,median,delta_st_100,20,475,490,4.376693906882004,4.46256172888665,4.411764705882353,4.451521585279547,-0.08586782200464604,-1.9241822796268397,-0.2939251863899048,0.11813038815838889,0.42551489702059586,
RTS,2022–2025,median,delta_sma_100,20,475,490,5.093585958747518,5.800023265781067,4.98220640569395,5.660377358490566,-0.706437307033549,-12.179904711785943,-0.994087881068043,-0.40459832579511606,0.0001999600079984003,
RTS,2022–2025,median,time5_st,20,475,499,4.136842105263158,4.0881763527054105,4.0,4.0,0.04866575255774741,1.1904024767801942,-0.25807376488278233,0.25437274361033924,0.7198560287942412,
RTS,2022–2025,median,time5_sma,20,475,499,8.509473684210526,9.609218436873748,8.0,10.0,-1.0997447526632218,-11.44468470446189,-1.6370579235653646,-0.6800433237296588,0.0001999600079984003,
RTS,2022–2025,median,time5_st_hour,20,475,499,0.2948846783432556,0.29368467275260723,0.2891914456206414,0.2891043497054398,0.0012000055906483675,0.40860341106708786,-0.016017807313754896,0.016844485124487326,0.8928214357128574,
RTS,2022–2025,median,time5_sma_hour,20,475,499,0.607047323420377,0.6891785325380924,0.5784642577379637,0.6742330093843496,-0.08213120911771532,-11.917261673146466,-0.11004216656758095,-0.050903102708381165,0.0001999600079984003,
RTS,2022–2025,median,time5_st_100,20,475,499,2.4905939396455996,2.482019681953999,2.4390243902439024,2.4390243902439024,0.008574257691600806,0.3454548629868488,-0.1355244845040655,0.14330303771337402,0.9072185562887423,
RTS,2022–2025,median,time5_sma_100,20,475,499,5.126674809142623,5.82566292085972,4.878048780487805,5.681818181818182,-0.6989881117170977,-11.99843041406084,-0.9320077938877411,-0.4333169751102047,0.0001999600079984003,
RTS,2022–2025,median,time1_st,20,475,501,27.766315789473683,28.822355289421157,28.0,30.0,-1.0560394999474738,-3.6639597608980914,-2.864288030550475,0.02156071582168558,0.1843631273745251,
RTS,2022–2025,median,time1_sma,20,475,501,46.74526315789473,50.05189620758483,47.0,51.0,-3.306633049690099,-6.606409147769739,-5.893619182523019,-2.2782063807162998,0.002599480103979204,
RTS,2022–2025,median,time1_st_hour,20,475,501,1.9818604894907106,2.055251241277252,1.9552026369016404,2.0894572279118533,-0.07339075178654153,-3.5708895492957966,-0.14774341089919246,-0.005448288576921862,0.04319136172765447,
RTS,2022–2025,median,time1_sma_hour,20,475,501,3.354373318916318,3.589939773556946,3.3029376316061025,3.573568873226202,-0.23556645464062775,-6.561849766276895,-0.31946955840793734,-0.171417004369426,0.0001999600079984003,
RTS,2022–2025,median,time1_st_100,20,475,501,3.3115820533759113,3.4364350512534942,3.265765765765766,3.490990990990991,-0.12485299787758297,-3.633212792194075,-0.24619193949403334,-0.00938798094930249,0.038792241551689664,
RTS,2022–2025,median,time1_sma_100,20,475,501,5.605219816224179,6.004397635367832,5.518018018018018,5.968468468468468,-0.39917781914365325,-6.648091005705011,-0.5333854635823454,-0.28694282463256293,0.0001999600079984003,
RTS,2022–2025,median,time15_st,20,475,496,1.3894736842105264,1.2379032258064515,1.0,1.0,0.1515704584040749,12.244128235899213,0.02342371852231198,0.2664728745216549,0.014997000599880024,
RTS,2022–2025,median,time15_sma,20,475,496,2.5452631578947367,2.8548387096774195,2.0,2.0,-0.3095755517826828,-10.843889384478153,-0.598269398694091,-0.07785250920786073,0.024795040991801638,
RTS,2022–2025,median,time15_st_hour,20,475,496,0.10117670251328446,0.08807123202955658,0.09679500967950097,0.06744983418582429,0.013105470483727885,14.880534973474322,0.003921293501475924,0.021582780913411925,0.003599280143971206,
RTS,2022–2025,median,time15_sma_hour,20,475,496,0.18254863191561335,0.2024532356429659,0.14453186570323864,0.19789209843718458,-0.01990460372735256,-9.831704425043172,-0.03984651288064102,-0.0031857185712070527,0.03559288142371526,
RTS,2022–2025,median,time15_st_100,20,475,496,2.6146320176614095,2.26728326930338,2.5,1.7543859649122806,0.34734874835802954,15.320041966558154,0.1057649311685838,0.5807184862078012,0.002999400119976005,
RTS,2022–2025,median,time15_sma_100,20,475,496,4.707774186383582,5.2085674852920105,3.7037037037037037,5.086206896551724,-0.5007932989084285,-9.614799084826531,-1.0170830027112663,-0.06509820236663633,0.04059188162367527,
RTS,2022–2025,median,time5_er,20,475,499,0.10850431847185851,0.07940124974546753,0.09595038307187158,0.06688687035507845,0.029103068726390985,36.65316203420625,0.022498117730251992,0.0382105905426331,0.0001999600079984003,
RTS,2022–2025,median,time5_range,20,475,499,3745.8315789473686,2390.2805611222443,2770.0,1970.0,1355.5510178251243,56.71095853236111,1094.0367432564892,1824.6375927126483,0.0001999600079984003,
RTS,2022–2025,median,delta_bars,20,475,501,213.13894736842104,119.47704590818363,204.0,125.0,93.66190146023742,78.39321833602685,80.56256890408649,101.17331264218278,0.0001999600079984003,
RTS,2022–2025,median,delta_complete_st,20,475,490,9.387368421052631,5.5081632653061225,9.0,6.0,3.879205155746509,70.42647374271172,3.248857180248117,4.435549804041789,0.0001999600079984003,
RTS,2022–2025,median,delta_complete_sma,20,475,490,10.766315789473683,7.044897959183674,10.0,7.0,3.72141783029001,52.824297127523316,2.9880400062304506,4.4268514406649295,0.0001999600079984003,
RTS,2022–2025,median,delta_weekends_st,20,475,490,9.383157894736842,5.5,9.0,5.5,3.8831578947368417,70.60287081339712,3.2462217280852435,4.435258021722379,0.0001999600079984003,
RTS,2022–2025,median,delta_weekends_sma,20,475,490,10.772631578947369,7.051020408163265,10.0,7.0,3.7216111707841035,52.78117145250972,2.9824074941663796,4.420882265479847,0.0001999600079984003,
RTS,2022–2025,median,fixed_delta_st,20,432,459,8.17361111111111,4.891067538126362,8.0,5.0,3.282543572984749,67.11302895322939,2.887919081549764,3.712260596604585,0.0001999600079984003,
RTS,2022–2025,median,fixed_delta_sma,20,432,459,9.208333333333334,6.200435729847494,8.0,6.0,3.00789760348584,48.51106816584682,2.497501264037957,3.570671488404075,0.0001999600079984003,
RTS,2022–2025,median,fixed_delta_st_100,20,432,459,4.400806392608736,4.530992998770995,4.427579253948695,4.545454545454546,-0.1301866061622592,-2.873246685606699,-0.3218380450855231,0.08346201975425085,0.21535692861427713,
RTS,2022–2025,median,fixed_delta_sma_100,20,432,459,5.010102120638757,5.818556008440886,4.806417112299465,5.660377358490566,-0.8084538878021297,-13.89440759235313,-1.1104660725416458,-0.5022227328007266,0.0001999600079984003,
RTS,2022–2025,median,fixed_time5_st,20,432,459,2.7731481481481484,2.8344226579520697,3.0,3.0,-0.06127450980392135,-2.161798616448878,-0.2669143690661936,0.1249506500026566,0.5498900219956009,
RTS,2022–2025,median,fixed_time5_sma,20,432,459,5.372685185185185,6.174291938997821,5.0,6.0,-0.8016067538126359,-12.982974594213122,-1.1392700796975777,-0.43927911954348536,0.0001999600079984003,
RTS,2022–2025,median,fixed_time5_st_100,20,432,459,2.6664886039886033,2.7254064018769903,2.8846153846153846,2.8846153846153846,-0.058917797888387025,-2.1617986164489182,-0.25664843179441643,0.12014485577178527,0.5498900219956009,
RTS,2022–2025,median,fixed_time5_sma_100,20,432,459,5.166043447293447,5.93681917211329,4.8076923076923075,5.769230769230769,-0.7707757248198428,-12.98297459421313,-1.0954519997092096,-0.42238376879181266,0.0001999600079984003,
RTS,2026,mean,delta_st,20,88,106,9.931818181818182,5.245283018867925,9.0,5.0,4.686535162950257,89.34761281883584,3.8230464019448434,5.922286881495715,0.0001999600079984003,0.0015996800639872025
RTS,2026,mean,delta_sma,20,88,106,12.443181818181818,6.915094339622642,12.0,7.0,5.5280874785591765,79.94232915788167,4.106900305576776,7.137277661599191,0.0001999600079984003,0.0015996800639872025
RTS,2026,mean,delta_st_hour,20,88,106,0.7340877702876117,0.3902759115126339,0.674321406787483,0.36202735317779566,0.34381185877497783,88.09456300862372,0.2809134591911915,0.42241948289914694,0.0001999600079984003,
RTS,2026,mean,delta_sma_hour,20,88,106,0.9111029939760003,0.5066679025113583,0.8727499774057357,0.47371378489350535,0.40443509146464196,79.82252072018228,0.3102231061990981,0.5017065954826401,0.0001999600079984003,
RTS,2026,mean,delta_st_100,20,88,106,4.271914851850069,4.111318623975199,4.285714285714286,3.984126984126984,0.16059622787487005,3.9061975624645435,-0.19180635336260637,0.6736624808952536,0.46190761847630474,
RTS,2026,mean,delta_sma_100,20,88,106,5.360538759438445,5.485879139189223,5.095305199139657,5.2934637616718545,-0.12534037975077883,-2.2847820116085042,-0.7413764220147107,0.40948714534190417,0.674865026994601,
RTS,2026,mean,time5_st,20,88,106,3.6363636363636362,4.037735849056604,4.0,4.0,-0.40137221269296797,-9.940526762956681,-0.6890281456482111,0.05653306672465492,0.05538892221555689,
RTS,2026,mean,time5_sma,20,88,106,9.113636363636363,9.89622641509434,9.0,9.0,-0.7825900514579764,-7.907964294999571,-1.5987139719769925,0.6402448940958922,0.2425514897020596,
RTS,2026,mean,time5_st_hour,20,88,106,0.26916739550285906,0.2953645882846069,0.269705847960651,0.2697589029804612,-0.026197192781747813,-8.869442655226079,-0.05822715847305731,0.004551137199006909,0.09738052389522095,
RTS,2026,mean,time5_sma_hour,20,88,106,0.6562611019768356,0.7026551754428862,0.6512039102141756,0.6674494159091451,-0.04639407346605062,-6.602680103623838,-0.11186299754683797,0.03286918508903487,0.23295340931813638,
RTS,2026,mean,time5_st_100,20,88,106,2.2748356972077106,2.495358476545116,2.272727272727273,2.272727272727273,-0.2205227793374056,-8.837318622161442,-0.4925637781027876,0.037907013683560704,0.09878024395120975,
RTS,2026,mean,time5_sma_100,20,88,106,5.545714077694575,5.934225341498227,5.5107361963190185,5.660377358490566,-0.3885112638036521,-6.546958388768631,-0.9428843643501537,0.27991608518024763,0.236752649470106,
RTS,2026,mean,time1_st,20,88,106,29.136363636363637,33.028301886792455,30.0,34.0,-3.8919382504288187,-11.783646230947008,-5.6933093127209045,-0.7618164574556641,0.002599480103979204,
RTS,2026,mean,time1_sma,20,88,106,47.68181818181818,51.113207547169814,47.0,52.0,-3.4313893653516345,-6.713312527266025,-5.259537918217581,1.6410087841869871,0.17636472705458908,
RTS,2026,mean,time1_st_hour,20,88,106,2.1037201789896245,2.3514764461103335,2.1023848602609667,2.2590570445200333,-0.24775626712070897,-10.536200246893053,-0.35886385063266946,-0.12373651371686713,0.0001999600079984003,
RTS,2026,mean,time1_sma_hour,20,88,106,3.4349890510163745,3.637695854696814,3.3965587546282148,3.559730218182107,-0.20270680368043958,-5.572395598128813,-0.2950682815735761,0.0017184207106049592,0.027394521095780843,
RTS,2026,mean,time1_st_100,20,88,106,3.5149859724990553,3.9289383785460057,3.5145830187729628,3.7766118073380643,-0.4139524060469504,-10.535986217227032,-0.5995511179226348,-0.2072392234313327,0.0001999600079984003,
RTS,2026,mean,time1_sma_100,20,88,106,5.739394052777386,6.078063525610341,5.682505221501594,5.9586618068307695,-0.33866947283295534,-5.5719962683171715,-0.49254867703973637,0.0017829078417988943,0.026994601079784044,
RTS,2026,mean,time15_st,20,88,106,1.2840909090909092,1.349056603773585,1.0,1.0,-0.06496569468267577,-4.815638906547994,-0.3195959153614064,0.2071177822577553,0.6404719056188762,
RTS,2026,mean,time15_sma,20,88,106,2.4431818181818183,2.8962264150943398,2.0,3.0,-0.4530445969125214,-15.642582173526797,-0.8351808385788969,-0.027959197235513347,0.03159368126374725,
RTS,2026,mean,time15_st_hour,20,88,106,0.0940904041430107,0.09995993477826497,0.10647111518624384,0.07240547063555913,-0.005869530635254264,-5.871883218285691,-0.03013622781679414,0.014019197707233031,0.6066786642671466,
RTS,2026,mean,time15_sma_hour,20,88,106,0.17909749315122248,0.20771391108727105,0.17832081235036737,0.2022737089373146,-0.028616417936048577,-13.776842285746275,-0.05935232402854012,-0.0014310273394507115,0.05458908218356329,
RTS,2026,mean,time15_st_100,20,88,106,2.4272787158392366,2.5806335226965125,2.7863777089783284,1.8518518518518519,-0.15335480685727587,-5.942525566242932,-0.7820359090275009,0.36388197059720195,0.6044791041791642,
RTS,2026,mean,time15_sma_100,20,88,106,4.619854293942563,5.351277280805904,4.615384615384615,5.172413793103448,-0.7314229868633415,-13.668194497916,-1.5231520381878088,-0.03560601231904422,0.05798840231953609,
RTS,2026,mean,time5_er,20,88,106,0.11761405920158392,0.07873630195430065,0.10259503067172708,0.06690840990401152,0.038877757247283276,49.37716946605941,0.023703357848120676,0.04843923337388967,0.0001999600079984003,
RTS,2026,mean,time5_range,20,88,106,3097.159090909091,1786.9811320754718,2740.0,1640.0,1310.1779588336192,73.3179514498805,968.2982510999931,1660.4388701444677,0.0001999600079984003,
RTS,2026,mean,delta_bars,20,88,106,232.3068181818182,128.5754716981132,224.0,126.0,103.73134648370498,80.67739912886293,82.87230976578103,128.6426177889838,0.0001999600079984003,
RTS,2026,mean,delta_complete_st,20,88,106,9.931818181818182,5.245283018867925,9.0,5.0,4.686535162950257,89.34761281883584,3.8230464019448434,5.922286881495715,0.0001999600079984003,
RTS,2026,mean,delta_complete_sma,20,88,106,12.443181818181818,6.915094339622642,12.0,7.0,5.5280874785591765,79.94232915788167,4.106900305576776,7.137277661599191,0.0001999600079984003,
RTS,2026,mean,delta_weekends_st,20,88,106,9.977272727272727,5.245283018867925,9.0,5.0,4.731989708404802,90.21419228253758,3.848808625896621,5.986326754385966,0.0001999600079984003,
RTS,2026,mean,delta_weekends_sma,20,88,106,12.443181818181818,6.952830188679245,12.0,7.0,5.490351629502573,78.96570864684841,4.050370944569058,7.105635444551107,0.0001999600079984003,
RTS,2026,mean,fixed_delta_st,20,81,92,7.753086419753086,4.5978260869565215,8.0,4.0,3.1552603327965647,68.62504742725389,2.5683020289146947,3.991201193723275,0.0001999600079984003,
RTS,2026,mean,fixed_delta_sma,20,81,92,9.580246913580247,6.032608695652174,9.0,6.0,3.547638217928073,58.80769658547436,2.7204130865829477,4.380391846455589,0.0001999600079984003,
RTS,2026,mean,fixed_delta_st_100,20,81,92,4.213454354648186,4.212307854757685,4.117647058823529,4.066115702479339,0.0011464998905008628,0.027217856102467033,-0.39265437230076616,0.534944593892535,0.9962007598480304,
RTS,2026,mean,fixed_delta_sma_100,20,81,92,5.255329603241922,5.742811653605991,4.782608695652174,5.208898534997287,-0.48748205036406933,-8.48856065230648,-1.2718026515051848,0.11522054880032997,0.16396720655868827,
RTS,2026,mean,fixed_time5_st,20,81,92,2.5308641975308643,2.608695652173913,3.0,2.0,-0.07783145464304875,-2.983539094650202,-0.37932201461364845,0.2483108857231226,0.6282743451309738,
RTS,2026,mean,fixed_time5_sma,20,81,92,5.37037037037037,6.728260869565218,5.0,6.0,-1.3578904991948475,-20.181894333752172,-2.0679986079921533,-0.4308771507178369,0.0013997200559888023,
RTS,2026,mean,fixed_time5_st_100,20,81,92,2.4335232668566,2.5083612040133776,2.8846153846153846,1.9230769230769231,-0.07483793715677756,-2.983539094650199,-0.364732706359277,0.2387604670414639,0.6274745050989802,
RTS,2026,mean,fixed_time5_sma_100,20,81,92,5.163817663817663,6.46948160535117,4.8076923076923075,5.769230769230769,-1.3056639415335072,-20.18189433375218,-1.988460199992455,-0.4143049526133045,0.0013997200559888023,
RTS,2026,median,delta_st,20,90,104,9.833333333333334,5.240384615384615,9.0,5.0,4.592948717948719,87.64525993883794,3.727652903082969,5.905488477592988,0.0001999600079984003,0.0015996800639872025
RTS,2026,median,delta_sma,20,90,104,12.377777777777778,6.865384615384615,11.5,7.0,5.512393162393163,80.29256146903207,4.149537234042553,7.07923451445012,0.0001999600079984003,0.0015996800639872025
RTS,2026,median,delta_st_hour,20,90,104,0.7268689967976006,0.38991116051793245,0.6708538343097263,0.36202735317779566,0.3369578362796682,86.41913091999609,0.2736244792686229,0.4212071466997768,0.0001999600079984003,
RTS,2026,median,delta_sma_hour,20,90,104,0.9074675594804137,0.5020363536812961,0.8685687639561384,0.47371378489350535,0.4054312057991176,80.75734014602745,0.31038901636539146,0.5040905821738102,0.0001999600079984003,
RTS,2026,median,delta_st_100,20,90,104,4.26967014910773,4.110172766196938,4.2592592592592595,4.0,0.15949738291079196,3.880551791460867,-0.22139535828403525,0.7225993327795519,0.5098980203959208,
RTS,2026,median,delta_sma_100,20,90,104,5.397214221214108,5.456551150724721,5.095305199139657,5.2934637616718545,-0.059336929510612535,-1.0874438426684885,-0.768684953471046,0.5651932453352534,0.8660267946410718,
RTS,2026,median,time5_st,20,90,104,3.7222222222222223,3.9711538461538463,4.0,4.0,-0.24893162393162394,-6.268496099004573,-0.5502486849960294,0.21193015474506938,0.2509498100379924,
RTS,2026,median,time5_sma,20,90,104,9.2,9.836538461538462,9.0,9.0,-0.6365384615384624,-6.471163245356802,-1.4919503303713835,0.8670076505209974,0.369126174765047,
RTS,2026,median,time5_st_hour,20,90,104,0.2758599616405446,0.29007673668048956,0.26975382434586337,0.26975636366316225,-0.014216775039944951,-4.901039360355285,-0.04578726052613045,0.017796551546979924,0.3753249350129974,
RTS,2026,median,time5_sma_hour,20,90,104,0.6629758887336691,0.6977364960084351,0.6512039102141756,0.6606461972635793,-0.03476060727476604,-4.981910430889344,-0.10257379612432717,0.047689463796774044,0.40091981603679266,
RTS,2026,median,time5_st_100,20,90,104,2.3313127551219974,2.4507249221834724,2.272727272727273,2.272727272727273,-0.11941216706147495,-4.872524287837442,-0.3868088997879498,0.15081887220138618,0.3785242951409718,
RTS,2026,median,time5_sma_100,20,90,104,5.602214806568436,5.8928018504305335,5.5107361963190185,5.5940077747226695,-0.29058704386209744,-4.931220347089507,-0.8649711068485728,0.40457403691576616,0.4055188962207559,
RTS,2026,median,time1_st,20,90,104,29.0,33.22115384615385,30.0,34.5,-4.221153846153847,-12.706222865412446,-6.132699307793291,-0.8907287288841942,0.0021995600879824036,
RTS,2026,median,time1_sma,20,90,104,47.4,51.42307692307692,47.0,52.5,-4.023076923076921,-7.82348541510845,-6.080974593354113,1.4232767480535267,0.13557288542291543,
RTS,2026,median,time1_st_hour,20,90,104,2.092689075591378,2.365787136880368,2.0902203216950452,2.3048554703336346,-0.27309806128898995,-11.543644693626543,-0.3810529129532858,-0.15988708077212316,0.0001999600079984003,
RTS,2026,median,time1_sma_hour,20,90,104,3.415446000672317,3.658506317565335,3.390240706397468,3.563073232594727,-0.24306031689301788,-6.643703626423415,-0.32546638743939527,-0.045801677632570315,0.003999200159968006,
RTS,2026,median,time1_st_100,20,90,104,3.49650282459484,3.952894033579403,3.490990990990991,3.8491181629029274,-0.456391208984563,-11.545748636507064,-0.6366713630214388,-0.26775061410528006,0.0001999600079984003,
RTS,2026,median,time1_sma_100,20,90,104,5.706670779870985,6.11289461702613,5.671097770154374,5.95903165735568,-0.406223837155145,-6.64535972898498,-0.5439092720030768,-0.07718379373921008,0.003999200159968006,
RTS,2026,median,time15_st,20,90,104,1.2777777777777777,1.3557692307692308,1.0,1.0,-0.07799145299145316,-5.75256107171002,-0.30264673563464833,0.19259468318400155,0.5404919016196761,
RTS,2026,median,time15_sma,20,90,104,2.4555555555555557,2.894230769230769,2.0,3.0,-0.43867521367521345,-15.156884459210035,-0.8350529030214636,-0.014786866262329251,0.036392721455708855,
RTS,2026,median,time15_st_hour,20,90,104,0.09443754187764035,0.09977240271243648,0.10170066105429684,0.07240547063555913,-0.005334860834796132,-5.347030531250451,-0.024890056803842278,0.013651069454474668,0.5924815036992601,
RTS,2026,median,time15_sma_hour,20,90,104,0.18055284917840145,0.2070047841009825,0.19028210801597317,0.19028210801597317,-0.02645193492258105,-12.778417193332634,-0.0575242038216237,-0.0003582607469583281,0.07778444311137772,
RTS,2026,median,time15_st_100,20,90,104,2.435944863041506,2.5760831031341116,2.6315789473684212,1.8693221523410202,-0.14013824009260567,-5.4399735754685405,-0.6458535796514482,0.3479959592670239,0.586882623475305,
RTS,2026,median,time15_sma_100,20,90,104,4.656424891899625,5.333695474628897,4.893899204244032,4.893899204244032,-0.677270582729272,-12.69796121565029,-1.481263373565611,-0.006117536681210368,0.07878424315136973,
RTS,2026,median,time5_er,20,90,104,0.11849636234054425,0.07722512121390644,0.10259503067172708,0.066481502344163,0.04127124112663781,53.44276639245445,0.02338120715145125,0.05270838304144912,0.0001999600079984003,
RTS,2026,median,time5_range,20,90,104,3081.8888888888887,1775.0,2740.0,1640.0,1306.8888888888887,73.62754303599374,949.7833526304523,1660.9458719575,0.0001999600079984003,
RTS,2026,median,delta_bars,20,90,104,230.16666666666666,128.43269230769232,222.5,125.5,101.73397435897434,79.21189887948888,80.11539165262883,127.8071068224123,0.0001999600079984003,
RTS,2026,median,delta_complete_st,20,90,104,9.833333333333334,5.240384615384615,9.0,5.0,4.592948717948719,87.64525993883794,3.727652903082969,5.905488477592988,0.0001999600079984003,
RTS,2026,median,delta_complete_sma,20,90,104,12.377777777777778,6.865384615384615,11.5,7.0,5.512393162393163,80.29256146903207,4.149537234042553,7.07923451445012,0.0001999600079984003,
RTS,2026,median,delta_weekends_st,20,90,104,9.877777777777778,5.240384615384615,9.0,5.0,4.637393162393163,88.49337410805303,3.7560711961456965,5.971013752044357,0.0001999600079984003,
RTS,2026,median,delta_weekends_sma,20,90,104,12.377777777777778,6.903846153846154,11.5,7.0,5.473931623931624,79.28814608480346,4.085820578231293,7.057399607314835,0.0001999600079984003,
RTS,2026,median,fixed_delta_st,20,81,92,7.790123456790123,4.565217391304348,8.0,4.0,3.2249060654857757,70.64079952968844,2.666456742218937,4.046235675766766,0.0001999600079984003,
RTS,2026,median,fixed_delta_sma,20,81,92,9.74074074074074,5.891304347826087,9.0,5.5,3.8494363929146536,65.34098674320076,3.0084971787245216,4.636801440168919,0.0001999600079984003,
RTS,2026,median,fixed_delta_st_100,20,81,92,4.234353303232911,4.193907693503741,4.30622009569378,4.0,0.04044560972917033,0.9643896023705905,-0.3669407221290247,0.5895802624668298,0.8670265946810638,
RTS,2026,median,fixed_delta_sma_100,20,81,92,5.367949671075456,5.643657028665598,4.854368932038835,5.085110967463908,-0.2757073575901421,-4.885260677425168,-1.0687205741962345,0.3035706492162273,0.42451509698060386,
RTS,2026,median,fixed_time5_st,20,81,92,2.5185185185185186,2.619565217391304,2.0,2.5,-0.10104669887278561,-3.8573843553096583,-0.386282485875706,0.27442721995698577,0.5556888622275545,
RTS,2026,median,fixed_time5_sma,20,81,92,5.395061728395062,6.706521739130435,5.0,6.0,-1.3114600107353729,-19.554995297837003,-2.0819277077765044,-0.453505978802428,0.0021995600879824036,
RTS,2026,median,fixed_time5_st_100,20,81,92,2.4216524216524213,2.5188127090301005,1.9230769230769231,2.4038461538461537,-0.09716028737767912,-3.8573843553096836,-0.3714254671881791,0.26387232688171725,0.555488902219556,
RTS,2026,median,fixed_time5_sma_100,20,81,92,5.18755935422602,6.448578595317724,4.8076923076923075,5.769230769230769,-1.261019241091704,-19.554995297836996,-2.001853565169717,-0.43606344115618195,0.0021995600879824036,
RTS,2026,mean,delta_st,40,88,106,9.931818181818182,5.245283018867925,9.0,5.0,4.686535162950257,89.34761281883584,3.705594417863566,5.947604922867512,0.0001999600079984003,0.0015996800639872025
RTS,2026,mean,delta_sma,40,88,106,12.443181818181818,6.915094339622642,12.0,7.0,5.5280874785591765,79.94232915788167,3.975666151943901,6.938187499695885,0.0001999600079984003,0.0015996800639872025
RTS,2026,median,delta_st,40,90,104,9.833333333333334,5.240384615384615,9.0,5.0,4.592948717948719,87.64525993883794,3.7172669320970293,5.9967814997950395,0.0001999600079984003,0.0015996800639872025
RTS,2026,median,delta_sma,40,90,104,12.377777777777778,6.865384615384615,11.5,7.0,5.512393162393163,80.29256146903207,4.211598511220213,6.843896630673515,0.0001999600079984003,0.0015996800639872025
RTS,2026,mean,delta_st,60,88,106,9.931818181818182,5.245283018867925,9.0,5.0,4.686535162950257,89.34761281883584,3.6583822186088786,6.059045258504189,0.0001999600079984003,0.0015996800639872025
RTS,2026,mean,delta_sma,60,88,106,12.443181818181818,6.915094339622642,12.0,7.0,5.5280874785591765,79.94232915788167,3.74222723741873,6.878093993385254,0.0001999600079984003,0.0015996800639872025
RTS,2026,median,delta_st,60,90,104,9.833333333333334,5.240384615384615,9.0,5.0,4.592948717948719,87.64525993883794,3.6547244873989064,6.155077400198368,0.0001999600079984003,0.0015996800639872025
RTS,2026,median,delta_sma,60,90,104,12.377777777777778,6.865384615384615,11.5,7.0,5.512393162393163,80.29256146903207,3.9653454975636286,6.863201016752592,0.0001999600079984003,0.0015996800639872025
MIX,все,mean,delta_st,20,526,612,11.134980988593156,5.189542483660131,10.0,5.0,5.945438504933025,114.56575456608978,5.229779657466476,6.69743978493281,0.0001999600079984003,
MIX,все,mean,delta_sma,20,526,612,12.460076045627376,6.759803921568627,11.0,6.0,5.700272124058749,84.32599806439339,4.969888950188766,6.45508695652174,0.0001999600079984003,
MIX,все,mean,delta_st_hour,20,526,612,0.8058213460874568,0.3699197887000185,0.7415382411875489,0.34308041750106055,0.4359015573874383,117.83677724278947,0.3909062278054732,0.48298451195071385,0.0001999600079984003,
MIX,все,mean,delta_sma_hour,20,526,612,0.9093720351297198,0.48064013714387444,0.8100430265828519,0.4719056720452632,0.4287318979858453,89.20018634596659,0.37493522192512474,0.48496240860658196,0.0001999600079984003,
MIX,все,mean,delta_st_100,20,526,612,4.575302218983389,4.386196937114189,4.563526497641323,4.3478260869565215,0.1891052818692005,4.311372347854918,0.014639819562672754,0.3562006643565845,0.028394321135772844,
MIX,все,mean,delta_sma_100,20,526,612,5.255881549647116,5.900474793030053,5.078604765413903,5.682407887908667,-0.6445932433829373,-10.924430083903829,-0.9031892350223117,-0.39991736567749125,0.0001999600079984003,
MIX,все,mean,time5_st,20,526,622,4.003802281368821,4.188102893890675,4.0,4.0,-0.18430061252185403,-4.400575085934481,-0.49674972773184634,0.053331965024046725,0.19016196760647872,
MIX,все,mean,time5_sma,20,526,622,8.53041825095057,9.581993569131832,8.0,9.0,-1.0515753181812624,-10.974494092428612,-1.6354666489674985,-0.6183602828559398,0.0003999200159968006,
MIX,все,mean,time5_st_hour,20,526,622,0.2899853204084921,0.3000365232285921,0.27022462253956386,0.2892205077668658,-0.01005120282009997,-3.349993098154304,-0.027693827324029356,0.005330872587955619,0.22615476904619075,
MIX,все,mean,time5_sma_hour,20,526,622,0.6181386948403619,0.6869075493227985,0.6067017629691027,0.6740941291372802,-0.06876885448243664,-10.01136973239467,-0.0992968105397598,-0.039953568494563815,0.0001999600079984003,
MIX,все,mean,time5_st_100,20,526,622,2.453923989514335,2.537935365387435,2.2857142857142856,2.4390243902439024,-0.08401137587310004,-3.310225194024004,-0.23114118373817163,0.046873226073199124,0.23095380923815237,
MIX,все,mean,time5_sma_100,20,526,622,5.229789680325984,5.809260675384675,5.113636363636363,5.681818181818182,-0.5794709950586912,-9.974952535940728,-0.837961817561278,-0.33157243060674507,0.0001999600079984003,
MIX,все,mean,time1_st,20,526,624,31.363117870722434,34.193910256410255,29.0,32.0,-2.830792385687822,-8.278644836055683,-5.201615420323447,-1.187033955473454,0.011597680463907219,
MIX,все,mean,time1_sma,20,526,624,47.28707224334601,50.12980769230769,48.0,51.0,-2.842735448961683,-5.6707487617150685,-5.18938858724871,-1.4226816416342294,0.008598280343931213,
MIX,все,mean,time1_st_hour,20,526,624,2.2750257877318973,2.4806310505068674,2.1706359832738458,2.360523224318327,-0.20560526277497004,-8.288425750897487,-0.33525266204722975,-0.08415155413011445,0.0023995200959808036,
MIX,все,mean,time1_sma_hour,20,526,624,3.425455367082572,3.594105465663557,3.3772057877262722,3.5724984699029094,-0.16865009858098512,-4.692408171996931,-0.25129096274352075,-0.10758212919871459,0.0001999600079984003,
MIX,все,mean,time1_st_100,20,526,624,3.8021874495491947,4.149379341120621,3.6253789671065313,3.9458850056369785,-0.3471918915714265,-8.367321062471492,-0.5604940315131882,-0.14067356345863719,0.001999600079984003,
MIX,все,mean,time1_sma_100,20,526,624,5.724761434005195,6.007840141556362,5.643340857787811,5.968468468468468,-0.2830787075511667,-4.711821567839415,-0.4192276877894707,-0.1800163292540316,0.0001999600079984003,
MIX,все,mean,time15_st,20,526,619,1.2604562737642586,1.184168012924071,1.0,1.0,0.07628826084018758,6.442351085958542,-0.04501635490166837,0.18340301277706547,0.1895620875824835,
MIX,все,mean,time15_sma,20,526,619,2.429657794676806,2.8368336025848144,2.0,2.0,-0.40717580790800856,-14.353179105641074,-0.6679542045257747,-0.170754924869244,0.002999400119976005,
MIX,все,mean,time15_st_hour,20,526,619,0.09021367140861994,0.08428614409746185,0.07229786721291721,0.06755235307363207,0.005927527311158087,7.032623659120012,-0.0024039918428858846,0.013034175064845738,0.1375724855028994,
MIX,все,mean,time15_sma_hour,20,526,619,0.1747725196580935,0.2003973609175881,0.13510470487967516,0.19397595808093335,-0.025624841259494602,-12.787015329025527,-0.043746731493659916,-0.010100053572641267,0.004199160167966407,
MIX,все,mean,time15_st_100,20,526,619,2.334563537256303,2.1799185954870492,1.8518518518518519,1.7543859649122806,0.15464494176925392,7.094069571653079,-0.05901458783135539,0.3360514963924982,0.133373325334933,
MIX,все,mean,time15_sma_100,20,526,619,4.530350358741713,5.180276187778375,3.508771929824561,5.0,-0.6499258290366621,-12.54616173882788,-1.1150052511740747,-0.24710815478073062,0.004399120175964807,
MIX,все,mean,time5_er,20,526,622,0.10555220493885409,0.07901818304179896,0.09756700987047168,0.0676511528783371,0.02653402189705513,33.57964062906785,0.020854794496978118,0.03409150756217301,0.0001999600079984003,
MIX,все,mean,time5_range,20,526,622,7111.977186311787,4346.744372990353,6112.5,3612.5,2765.2328133214332,63.61618204428904,2349.0875050301197,3403.371624594726,0.0001999600079984003,
MIX,все,mean,delta_bars,20,526,624,240.6235741444867,115.02884615384616,217.0,118.0,125.59472799064054,109.18541930140111,111.86130887250785,136.87003636800614,0.0001999600079984003,
MIX,все,mean,delta_complete_st,20,526,612,11.134980988593156,5.187908496732026,10.0,5.0,5.94707249186113,114.63333433130745,5.231508134076016,6.699163216732992,0.0001999600079984003,
MIX,все,mean,delta_complete_sma,20,526,612,12.456273764258555,6.751633986928105,11.0,6.0,5.70463977733045,84.49272855097375,4.9753316344815905,6.458771378372058,0.0001999600079984003,
MIX,все,mean,delta_weekends_st,20,526,612,11.142585551330798,5.19281045751634,10.0,5.0,5.949775093814458,114.5771666901966,5.2355641903141095,6.697078856101022,0.0001999600079984003,
MIX,все,mean,delta_weekends_sma,20,526,612,12.480988593155894,6.76797385620915,11.0,6.0,5.713014736946744,84.41248235179641,4.974049032369898,6.469342526112247,0.0001999600079984003,
MIX,все,mean,fixed_delta_st,20,429,541,9.783216783216783,4.44177449168207,9.0,4.0,5.3414422915347135,120.25469328840117,4.663869571809167,6.0613917806220865,0.0001999600079984003,
MIX,все,mean,fixed_delta_sma,20,429,541,10.827505827505828,5.66173752310536,10.0,5.0,5.165768304400467,91.2399821312652,4.502193834895167,5.903908661055736,0.0001999600079984003,
MIX,все,mean,fixed_delta_st_100,20,429,541,4.626158648755796,4.460877748132079,4.587155963302752,4.444444444444445,0.16528090062371703,3.7051206053097006,-0.021662723270400065,0.3436959241036142,0.07818436312737452,
MIX,все,mean,fixed_delta_sma_100,20,429,541,5.2335263435260435,5.9216547094421434,5.038759689922481,5.737704918032787,-0.6881283659160999,-11.620541887031537,-1.0587855955560903,-0.38314954738143525,0.0003999200159968006,
MIX,все,mean,fixed_time5_st,20,429,542,2.5920745920745922,2.7896678966789668,3.0,3.0,-0.19759330460437452,-7.083040416373743,-0.3648995499086049,-0.03441056868616132,0.017996400719856028,
MIX,все,mean,fixed_time5_sma,20,429,542,5.543123543123543,6.206642066420664,5.0,6.0,-0.663518523297121,-10.690458966321035,-0.9923838844973736,-0.33565391450825627,0.0001999600079984003,
MIX,все,mean,fixed_time5_st_100,20,429,542,2.4923794154563383,2.6823729775759295,2.8846153846153846,2.8846153846153846,-0.18999356211959118,-7.083040416373754,-0.3508649518351973,-0.03308708527515541,0.017996400719856028,
MIX,все,mean,fixed_time5_sma_100,20,429,542,5.3299264837726374,5.967925063866023,4.8076923076923075,5.769230769230769,-0.6379985800933854,-10.690458966321032,-0.9542152735551664,-0.32274414856563066,0.0001999600079984003,
MIX,все,median,delta_st,20,599,539,10.662771285475793,4.909090909090909,10.0,5.0,5.753680376384884,117.20460025969209,5.076990266032652,6.491043395009394,0.0001999600079984003,
MIX,все,median,delta_sma,20,599,539,11.969949916527545,6.532467532467533,11.0,6.0,5.437482384060012,83.23780190310556,4.731679060956316,6.188244819841649,0.0001999600079984003,
MIX,все,median,delta_st_hour,20,599,539,0.770010503112933,0.3506802362927028,0.6756122609437504,0.3376160365216523,0.41933026682023017,119.57624736805161,0.37777306437996583,0.4639031751596245,0.0001999600079984003,
MIX,все,median,delta_sma_hour,20,599,539,0.8701992324909327,0.4661078184567995,0.7956760232273101,0.457433290978399,0.4040914140341332,86.6948371241676,0.3557603673078667,0.4565915712669917,0.0001999600079984003,
MIX,все,median,delta_st_100,20,599,539,4.592956902151289,4.340965321540862,4.597701149425287,4.3478260869565215,0.2519915806104267,5.804966452046665,0.07311242409386576,0.43709807488378927,0.006998600279944011,
MIX,все,median,delta_sma_100,20,599,539,5.30014535004749,5.9385847936369744,5.092592592592593,5.714285714285714,-0.6384394435894842,-10.75070013774248,-0.9178729270318345,-0.38355128499461716,0.0001999600079984003,
MIX,все,median,time5_st,20,599,549,3.996661101836394,4.22040072859745,4.0,4.0,-0.22373962676105563,-5.30138347396718,-0.5324037148645373,0.007055597146245999,0.11497700459908018,
MIX,все,median,time5_sma,20,599,549,8.59432387312187,9.652094717668488,8.0,9.0,-1.057770844546619,-10.958977045783993,-1.614097357745158,-0.6297981566459653,0.0001999600079984003,
MIX,все,median,time5_st_hour,20,599,549,0.28919795722167985,0.30223209400230405,0.2701739092568017,0.28926698360284075,-0.013034136780624206,-4.312624979041717,-0.03084098280149605,0.002141437461065121,0.12377524495100979,
MIX,все,median,time5_sma_hour,20,599,549,0.6209193537717619,0.6930177709572416,0.6067415730337078,0.6742456876369561,-0.07209841718547971,-10.403545220188603,-0.10150262292326852,-0.04393064825939152,0.0001999600079984003,
MIX,все,median,time5_st_100,20,599,549,2.446862017454889,2.5568114158470787,2.2857142857142856,2.4390243902439024,-0.10994939839218976,-4.300254516650115,-0.25866062240329235,0.021014673246101984,0.12297540491901619,
MIX,все,median,time5_sma_100,20,599,549,5.252317073838448,5.861733305485438,5.113636363636363,5.681818181818182,-0.60941623164699,-10.396519252704577,-0.857943188132768,-0.36816488543218406,0.0001999600079984003,
MIX,все,median,time1_st,20,599,551,31.12186978297162,34.831215970961885,29.0,33.0,-3.709346187990267,-10.649488065770306,-6.07700977764325,-2.1916103590307916,0.0005998800239952009,
MIX,все,median,time1_sma,20,599,551,47.313856427378965,50.47731397459165,48.0,52.0,-3.163457547212687,-6.2670877234177915,-5.428954991407523,-1.7177124013853222,0.002999400119976005,
MIX,все,median,time1_st_hour,20,599,551,2.2560236309797985,2.528528466254744,2.159001461823906,2.4016773619670877,-0.2725048352749453,-10.777210496608703,-0.3999765492659127,-0.15424398735736988,0.0001999600079984003,
MIX,все,median,time1_sma_hour,20,599,551,3.426721798503413,3.615072552370141,3.3776176536816034,3.5770528683914513,-0.18835075386672795,-5.210151418489237,-0.27117621268672293,-0.1297297978865792,0.0001999600079984003,
MIX,все,median,time1_st_100,20,599,551,3.770349051624397,4.229989519780635,3.6076662908680945,4.051863857374392,-0.45964046815623805,-10.866231843053708,-0.6686338817526981,-0.2575455834453146,0.0001999600079984003,
MIX,все,median,time1_sma_100,20,599,551,5.726790934434144,6.043137918134029,5.643340857787811,5.975197294250282,-0.31634698369988534,-5.234813237516933,-0.45236512433995885,-0.21628397239396,0.0001999600079984003,
MIX,все,median,time15_st,20,599,546,1.2687813021702838,1.164835164835165,1.0,1.0,0.10394613733511893,8.923677827826246,-0.004023520549629322,0.2049887371025951,0.051989602079584085,
MIX,все,median,time15_sma,20,599,546,2.4240400667779634,2.8974358974358974,2.0,2.0,-0.473395830657934,-16.338440173149934,-0.736907786015233,-0.23041676288310087,0.0003999200159968006,
MIX,все,median,time15_st_hour,20,599,546,0.09081877251925316,0.08282979783558667,0.07229786721291721,0.06754791519391624,0.007988974683666494,9.645049115686895,0.0006388021066942613,0.014550172787904226,0.026794641071785644,
MIX,все,median,time15_sma_hour,20,599,546,0.17415283564050352,0.20450322930308173,0.135076824944187,0.20221121712329293,-0.030350393662578218,-14.841033936729554,-0.0486385689747941,-0.014108440541054297,0.0009998000399920016,
MIX,все,median,time15_st_100,20,599,546,2.349096243594364,2.143299233132372,1.8518518518518519,1.7543859649122806,0.20579701046199217,9.601879536028463,0.015358425156253692,0.3744683246000134,0.026394721055788842,
MIX,все,median,time15_sma_100,20,599,546,4.512135329307179,5.287154188054864,3.508771929824561,5.172413793103448,-0.7750188587476856,-14.658525762283734,-1.2485453686794272,-0.35616139248266915,0.0009998000399920016,
MIX,все,median,time5_er,20,599,549,0.10294620272521052,0.07833332280042825,0.09558823529411764,0.06765327695560254,0.02461287992478227,31.420702001227642,0.019518299023747108,0.03169121585416722,0.0001999600079984003,
MIX,все,median,time5_range,20,599,549,6849.248747913189,4265.710382513661,5850.0,3575.0,2583.5383653995277,60.56525487501856,2218.9842052038166,3165.0910512636806,0.0001999600079984003,
MIX,все,median,delta_bars,20,599,551,229.51585976627712,110.46460980036298,205.0,114.0,119.05124996591414,107.77320463184485,106.19156723921932,129.86340868955187,0.0001999600079984003,
MIX,все,median,delta_complete_st,20,599,539,10.662771285475793,4.907235621521336,10.0,5.0,5.755535663954458,117.28671920118913,5.078726728332343,6.4933031827474625,0.0001999600079984003,
MIX,все,median,delta_complete_sma,20,599,539,11.96661101836394,6.523191094619666,11.0,6.0,5.443419923744274,83.44719393908318,4.737177424642495,6.195754244135826,0.0001999600079984003,
MIX,все,median,delta_weekends_st,20,599,539,10.667779632721203,4.914656771799629,10.0,5.0,5.753122860921574,117.06052178319098,5.080722270329463,6.490354607350656,0.0001999600079984003,
MIX,все,median,delta_weekends_sma,20,599,539,11.984974958263773,6.545454545454546,11.0,6.0,5.439520412809228,83.10378408458543,4.747273049662565,6.185436672863125,0.0001999600079984003,
MIX,все,median,fixed_delta_st,20,505,465,9.231683168316831,4.167741935483871,8.0,4.0,5.06394123283296,121.50323391472271,4.459005824926702,5.74033029760767,0.0001999600079984003,
MIX,все,median,fixed_delta_sma,20,505,465,10.231683168316831,5.464516129032258,9.0,5.0,4.767167039284573,87.23859398926903,4.138545643524188,5.478838762270518,0.0001999600079984003,
MIX,все,median,fixed_delta_st_100,20,505,465,4.649618687846995,4.408385988587008,4.609929078014185,4.3478260869565215,0.24123269925998692,5.4721319749341575,0.03752079300697784,0.44667233438227966,0.020795840831833633,
MIX,все,median,fixed_delta_sma_100,20,505,465,5.255489357055934,6.010270696489518,5.098039215686274,5.769230769230769,-0.7547813394335838,-12.558192093984003,-1.1500822989088773,-0.4299479038049137,0.0003999200159968006,
MIX,все,median,fixed_time5_st,20,505,466,2.6415841584158417,2.7682403433476397,3.0,3.0,-0.12665618493179798,-4.575331951799834,-0.28277535026896916,0.024327623685324856,0.10837832433513298,
MIX,все,median,fixed_time5_sma,20,505,466,5.6118811881188115,6.240343347639485,5.0,6.0,-0.6284621595206739,-10.070954825881499,-1.00557727353176,-0.2471084460170476,0.0021995600879824036,
MIX,все,median,fixed_time5_st_100,20,505,466,2.53998476770754,2.6617695609111913,2.8846153846153846,2.8846153846153846,-0.12178479320365154,-4.575331951799821,-0.2718993752586231,0.023391945851273948,0.10837832433513298,
MIX,все,median,fixed_time5_sma_100,20,505,466,5.3960396039603955,6.000330141961042,4.8076923076923075,5.769230769230769,-0.6042905380006465,-10.070954825881477,-0.966901224549769,-0.23760427501639073,0.0021995600879824036,
MIX,2022–2025,mean,delta_st,20,432,512,11.256944444444445,5.154296875,10.0,5.0,6.102647569444445,118.39922529577703,5.259896988489633,6.940889032061691,0.0001999600079984003,
MIX,2022–2025,mean,delta_sma,20,432,512,12.233796296296296,6.7578125,11.0,6.0,5.475983796296296,81.03189895097408,4.699762103182345,6.214275316009904,0.0001999600079984003,
MIX,2022–2025,mean,delta_st_hour,20,432,512,0.8142023071313086,0.36511108228412953,0.7424489561974792,0.33797739306770813,0.44909122484717906,123.00125814797813,0.4004602272970122,0.49962938444072164,0.0001999600079984003,
MIX,2022–2025,mean,delta_sma_hour,20,432,512,0.8929043556048831,0.48003052268168245,0.8098835491549996,0.47184384219835596,0.4128738329232007,86.009912581535,0.35932622824560784,0.4683945944483269,0.0001999600079984003,
MIX,2022–2025,mean,delta_st_100,20,432,512,4.66699996946342,4.385116024580344,4.645169024214817,4.3478260869565215,0.28188394488307633,6.4281980979067175,0.11195752532064182,0.4598431247407931,0.0023995200959808036,
MIX,2022–2025,mean,delta_sma_100,20,432,512,5.238983515602732,5.929070778471543,5.072463768115942,5.758178603006189,-0.6900872628688104,-11.639045790691476,-0.9068593012993403,-0.4524322031700608,0.0001999600079984003,
MIX,2022–2025,mean,time5_st,20,432,522,4.155092592592593,4.296934865900383,4.0,4.0,-0.1418422733077902,-3.301010551344917,-0.488022136964242,0.098035925597486,0.36372725454909016,
MIX,2022–2025,mean,time5_sma,20,432,522,8.465277777777779,9.39272030651341,8.0,9.0,-0.9274425287356323,-9.874056699979604,-1.5750003584672698,-0.4949669566560539,0.001999600079984003,
MIX,2022–2025,mean,time5_st_hour,20,432,522,0.30019106142911295,0.3075561610435107,0.2891043787267361,0.29076628189053577,-0.007365099614397741,-2.39471698092752,-0.025032221975582317,0.008368697235108745,0.384123175364927,
MIX,2022–2025,mean,time5_sma_hour,20,432,522,0.6140259949346153,0.6747890819619855,0.6004492407295738,0.6740121383811102,-0.06076308702737021,-9.004752544409621,-0.09243199427351828,-0.029272731260008077,0.0001999600079984003,
MIX,2022–2025,mean,time5_st_100,20,432,522,2.54139892143352,2.6024672606848385,2.4390243902439024,2.456502061751986,-0.06106833925131827,-2.34655552344002,-0.2091579697041212,0.07278785125728511,0.3909218156368726,
MIX,2022–2025,mean,time5_sma_100,20,432,522,5.1980776914946825,5.70954982275315,5.069380995888533,5.681818181818182,-0.5114721312584676,-8.958186672094497,-0.7801603063751315,-0.24062129233903887,0.0001999600079984003,
MIX,2022–2025,mean,time1_st,20,432,524,32.90277777777778,35.43129770992366,32.0,34.0,-2.5285199321458833,-7.136402264593574,-5.318901328993962,-0.7889259925907598,0.04379124175164967,
MIX,2022–2025,mean,time1_sma,20,432,524,47.06481481481482,49.73664122137404,48.0,51.0,-2.6718264065592265,-5.371947805375776,-5.46037441969713,-1.2958418260552653,0.033593281343731254,
MIX,2022–2025,mean,time1_st_hour,20,432,524,2.383471122948604,2.571379966238391,2.3224956737427918,2.5144231376256916,-0.18790884328978708,-7.307704258296541,-0.32718954277795737,-0.05864369197962875,0.0061987602479504095,
MIX,2022–2025,mean,time1_sma_hour,20,432,524,3.4101893050821537,3.574419826009089,3.3754957168808972,3.5452206268503375,-0.16423052092693524,-4.5946063674983,-0.26102532075142365,-0.09595255465541423,0.0001999600079984003,
MIX,2022–2025,mean,time1_st_100,20,432,524,3.983504512436772,4.3017526593794395,3.8883575490662103,4.2270531400966185,-0.31824814694266745,-7.39810426452034,-0.5469440924747955,-0.09867174176310346,0.004999000199960008,
MIX,2022–2025,mean,time1_sma_100,20,432,524,5.69943387302818,5.975295884854531,5.640159718634605,5.92503022974607,-0.2758620118263506,-4.616708814798156,-0.4357161127930485,-0.16033983027039558,0.0001999600079984003,
MIX,2022–2025,mean,time15_st,20,432,519,1.2615740740740742,1.1714836223506744,1.0,1.0,0.0900904517233998,7.6902869152046875,-0.05035235817043146,0.19928863413637385,0.15936812637472506,
MIX,2022–2025,mean,time15_sma,20,432,519,2.4143518518518516,2.8092485549132946,2.0,2.0,-0.394896703061443,-14.057022557536962,-0.6729513861449042,-0.16221237158233973,0.002999400119976005,
MIX,2022–2025,mean,time15_st_hour,20,432,519,0.08978307178493804,0.08314115921595162,0.0722775450793226,0.06754347731420042,0.006641912568986413,7.9887177802448575,-0.002400410118196123,0.013938115838321006,0.11977604479104179,
MIX,2022–2025,mean,time15_sma_hour,20,432,519,0.172676684452037,0.19816238360543725,0.1350780907667226,0.14528431332983574,-0.025485699153400265,-12.861017661225276,-0.04348387134700432,-0.01014524889080635,0.002599480103979204,
MIX,2022–2025,mean,time15_st_100,20,432,519,2.3271276055720684,2.152771861655525,1.8518518518518519,1.7543859649122806,0.1743557439165433,8.099127781355344,-0.05759842920664733,0.36291370189444444,0.11277744451109778,
MIX,2022–2025,mean,time15_sma_100,20,432,519,4.484914726014044,5.1290192711078895,3.508771929824561,3.7735849056603774,-0.6441045450938452,-12.558044940913547,-1.1093893190819923,-0.2528657917678793,0.0033993201359728054,
MIX,2022–2025,mean,time5_er,20,432,522,0.10420855800682317,0.07990111093715306,0.09710157579990397,0.06936949276354837,0.024307447069670113,30.42191376887032,0.01839877111828356,0.0337780880880906,0.0001999600079984003,
MIX,2022–2025,mean,time5_range,20,432,522,7355.902777777777,4505.555555555556,6350.0,3700.0,2850.3472222222217,63.26294697903822,2365.4368879381827,3527.9363830899088,0.0001999600079984003,
MIX,2022–2025,mean,delta_bars,20,432,524,237.92592592592592,113.87213740458016,212.5,117.0,124.05378852134577,108.9413014885203,108.01320087900099,135.55185745845205,0.0001999600079984003,
MIX,2022–2025,mean,delta_complete_st,20,432,512,11.256944444444445,5.15234375,10.0,5.0,6.104600694444445,118.48201499452448,5.26080836524494,6.9425505649847645,0.0001999600079984003,
MIX,2022–2025,mean,delta_complete_sma,20,432,512,12.231481481481481,6.748046875,11.0,6.0,5.483434606481481,81.259580854371,4.705587058209894,6.2223401130446625,0.0001999600079984003,
MIX,2022–2025,mean,delta_weekends_st,20,432,512,11.261574074074074,5.158203125,10.0,5.0,6.103370949074074,118.32358674463937,5.258377811612954,6.941904668329787,0.0001999600079984003,
MIX,2022–2025,mean,delta_weekends_sma,20,432,512,12.23611111111111,6.759765625,11.0,6.0,5.476345486111111,81.01383672027994,4.699832461951237,6.211933515833125,0.0001999600079984003,
MIX,2022–2025,mean,fixed_delta_st,20,338,438,9.988165680473372,4.431506849315069,9.0,4.0,5.556658831158304,125.38982833834812,4.816415830503103,6.338308533614229,0.0001999600079984003,
MIX,2022–2025,mean,fixed_delta_sma,20,338,438,10.662721893491124,5.730593607305936,10.0,5.0,4.932128286185188,86.06662108960607,4.24798292049175,5.58288001588876,0.0001999600079984003,
MIX,2022–2025,mean,fixed_delta_st_100,20,338,438,4.748000145327666,4.451249806392076,4.664762681898544,4.3478260869565215,0.2967503389355901,6.666674571026125,0.12705284534871655,0.4868346805022302,0.0009998000399920016,
MIX,2022–2025,mean,fixed_delta_sma_100,20,338,438,5.214270262698031,5.912701487202884,5.035103115401492,5.863254392666158,-0.6984312245048523,-11.812387721864486,-0.9764206971899358,-0.4226995462693988,0.0001999600079984003,
MIX,2022–2025,mean,fixed_time5_st,20,338,439,2.662721893491124,2.879271070615034,3.0,3.0,-0.21654917712390986,-7.5209722118193385,-0.38393151578813317,-0.052171391822373445,0.013397320535892822,
MIX,2022–2025,mean,fixed_time5_sma,20,338,439,5.5266272189349115,6.070615034168565,5.0,6.0,-0.5439878152336535,-8.961000033304835,-0.8873886694722573,-0.20498655243625763,0.0009998000399920016,
MIX,2022–2025,mean,fixed_time5_st_100,20,338,439,2.5603095129722346,2.7685298755913785,2.8846153846153846,2.8846153846153846,-0.2082203626191439,-7.520972211819332,-0.3691649190270506,-0.05016479982920495,0.013397320535892822,
MIX,2022–2025,mean,fixed_time5_sma_100,20,338,439,5.314064633591261,5.837129840546697,4.8076923076923075,5.769230769230769,-0.5230652069554358,-8.961000033304833,-0.8532583360310171,-0.1971024542656324,0.0009998000399920016,
MIX,2022–2025,median,delta_st,20,497,447,10.740442655935613,4.841163310961969,10.0,5.0,5.899279344973644,121.85664820717277,5.120515320420618,6.7054517480447435,0.0001999600079984003,
MIX,2022–2025,median,delta_sma,20,497,447,11.750503018108652,6.498881431767338,11.0,6.0,5.251621586341314,80.80808430618131,4.537918110742161,5.994007246275827,0.0001999600079984003,
MIX,2022–2025,median,delta_st_hour,20,497,447,0.7735159562570172,0.34504438601893084,0.6756122609437504,0.33753375337533753,0.42847157023808635,124.17868181590362,0.38360552613973703,0.4766355625018005,0.0001999600079984003,
MIX,2022–2025,median,delta_sma_hour,20,497,447,0.8532422498040705,0.46409152367272455,0.7952126591429375,0.4532435097024485,0.38915072613134594,83.85215119890304,0.3410387997449004,0.43952660907685753,0.0001999600079984003,
MIX,2022–2025,median,delta_st_100,20,497,447,4.67275681706012,4.337725398913769,4.651162790697675,4.316546762589928,0.3350314181463503,7.723665915556737,0.1523388201041165,0.5384458054362469,0.0007998400319936012,
MIX,2022–2025,median,delta_sma_100,20,497,447,5.302528090394128,5.958766569109456,5.1020408163265305,5.806451612903226,-0.6562384787153279,-11.0129918852217,-0.8912986226576933,-0.4068489843656284,0.0001999600079984003,
MIX,2022–2025,median,time5_st,20,497,457,4.152917505030181,4.319474835886214,4.0,4.0,-0.1665573308560333,-3.8559625228575087,-0.5078064667900096,0.08214983208664278,0.2923415316936613,
MIX,2022–2025,median,time5_sma,20,497,457,8.567404426559357,9.413566739606127,8.0,9.0,-0.8461623130467704,-8.988753534690238,-1.436368202950082,-0.42722521584424833,0.0023995200959808036,
MIX,2022–2025,median,time5_st_hour,20,497,457,0.29922763036270905,0.3096514711418447,0.2891043787267361,0.2905686266596715,-0.010423840779135662,-3.3663139854293553,-0.027693173995261687,0.005459830601769789,0.22575484903019397,
MIX,2022–2025,median,time5_sma_hour,20,497,457,0.6184831652494095,0.6785842395338155,0.6066847332636607,0.6740436626386753,-0.06010107428440603,-8.856833209933555,-0.08812901877067401,-0.030387150766068852,0.0001999600079984003,
MIX,2022–2025,median,time5_st_100,20,497,457,2.5325917553864645,2.620731163478541,2.4390243902439024,2.4539877300613497,-0.08813940809207654,-3.363160988061347,-0.23260405489082922,0.04594825196238991,0.22475504899020196,
MIX,2022–2025,median,time5_sma_100,20,497,457,5.234252146104854,5.742956791222614,5.113636363636363,5.681818181818182,-0.5087046451177599,-8.857887384687464,-0.745827708720254,-0.25185225990840926,0.0001999600079984003,
MIX,2022–2025,median,time1_st,20,497,459,32.583501006036215,36.13507625272331,31.0,35.0,-3.5515752466870936,-9.828608695462293,-6.266739815652349,-1.9163628796459977,0.0033993201359728054,
MIX,2022–2025,median,time1_sma,20,497,459,47.23138832997988,49.93464052287582,48.0,51.0,-2.7032521928959383,-5.413580962213071,-5.47663826030467,-1.3134436672995922,0.02959408118376325,
MIX,2022–2025,median,time1_st_hour,20,497,459,2.355098266896687,2.6287119581156007,2.2960906430554515,2.6057060136317025,-0.27361369121891377,-10.408660042580493,-0.4053129054680336,-0.14638950516358656,0.0003999200159968006,
MIX,2022–2025,median,time1_sma_hour,20,497,459,3.4137213831706488,3.593852377316863,3.3758437710515508,3.5724316126495532,-0.18013099414621436,-5.012197921181684,-0.27224432575736035,-0.11587286087475929,0.0001999600079984003,
MIX,2022–2025,median,time1_st_100,20,497,459,3.9359423718235567,4.398320226778224,3.8374717832957113,4.369414101290963,-0.4623778549546671,-10.512600972970983,-0.6777040156083589,-0.24466776808652008,0.0003999200159968006,
MIX,2022–2025,median,time1_sma_100,20,497,459,5.705135346182966,6.008187820825739,5.643340857787811,5.968468468468468,-0.3030524746427732,-5.043991361127638,-0.45468060390597914,-0.19338394423036706,0.0001999600079984003,
MIX,2022–2025,median,time15_st,20,497,454,1.2655935613682092,1.1541850220264318,1.0,1.0,0.11140853934177741,9.652571920070027,-0.019055059661231326,0.2118377144805083,0.0665866826634673,
MIX,2022–2025,median,time15_sma,20,497,454,2.4124748490945676,2.86784140969163,2.0,2.0,-0.45536656059706226,-15.878373157531971,-0.7418213833887801,-0.21260388879276765,0.0009998000399920016,
MIX,2022–2025,median,time15_st_hour,20,497,454,0.08983159144525583,0.08213710946229065,0.07227464219484758,0.06754791519391624,0.0076944819829651845,9.367850942572725,-0.0010293073438417625,0.01437548522590186,0.05638872225554889,
MIX,2022–2025,median,time15_sma_hour,20,497,454,0.1719645335770622,0.20259081847291197,0.1350641554738501,0.19808506969085796,-0.03062628489584976,-15.11731139974872,-0.04970318895351364,-0.014458231120405144,0.0013997200559888023,
MIX,2022–2025,median,time15_st_100,20,497,454,2.326178901634319,2.1288475940398564,1.8518518518518519,1.7543859649122806,0.1973313075944625,9.269395711883357,-0.026322149966950967,0.36929730347343426,0.057588482303539294,
MIX,2022–2025,median,time15_sma_100,20,497,454,4.462311898850587,5.245980505758413,3.508771929824561,5.086206896551724,-0.7836686069078258,-14.938458235740823,-1.273104734622992,-0.36670091124980414,0.0013997200559888023,
MIX,2022–2025,median,time5_er,20,497,457,0.1015850322312544,0.07929697144246843,0.09329446064139942,0.06938775510204082,0.022288060788785966,28.10707695811108,0.01709709479230654,0.030816727498929965,0.0001999600079984003,
MIX,2022–2025,median,time5_range,20,497,457,7055.985915492958,4426.312910284464,5975.0,3675.0,2629.673005208494,59.41001141375461,2207.688693366067,3260.6206134719127,0.0001999600079984003,
MIX,2022–2025,median,delta_bars,20,497,459,226.42857142857142,108.75381263616558,202.0,114.0,117.67475879240584,108.20288129675525,103.1048564047597,128.10844476820958,0.0001999600079984003,
MIX,2022–2025,median,delta_complete_st,20,497,447,10.740442655935613,4.8389261744966445,10.0,5.0,5.901516481438969,121.95921716149878,5.12446854894932,6.7068064711123565,0.0001999600079984003,
MIX,2022–2025,median,delta_complete_sma,20,497,447,11.748490945674044,6.487695749440716,11.0,6.0,5.260795196233328,81.08880871435508,4.543667085687062,6.004333117695766,0.0001999600079984003,
MIX,2022–2025,median,delta_weekends_st,20,497,447,10.742454728370221,4.847874720357942,10.0,5.0,5.894580008012279,121.59101354783058,5.117651358655555,6.70086265677338,0.0001999600079984003,
MIX,2022–2025,median,delta_weekends_sma,20,497,447,11.748490945674044,6.505592841163311,11.0,6.0,5.242898104510734,80.59062767249992,4.529520574315289,5.977954123936891,0.0001999600079984003,
MIX,2022–2025,median,fixed_delta_st,20,403,373,9.38213399503722,4.117962466487936,8.0,4.0,5.2641715285492845,127.83437370760957,4.586136202525126,6.0061205848979995,0.0001999600079984003,
MIX,2022–2025,median,fixed_delta_sma,20,403,373,10.066997518610421,5.514745308310992,9.0,5.0,4.552252210299429,82.54691659901249,3.9171747447796124,5.151010882848178,0.0001999600079984003,
MIX,2022–2025,median,fixed_delta_st_100,20,403,373,4.770096155096237,4.375664112109106,4.744525547445256,4.25531914893617,0.3944320429871304,9.0142212217704,0.21674118847001825,0.6032299023608487,0.0005998800239952009,
MIX,2022–2025,median,fixed_delta_sma_100,20,403,373,5.263269109568811,5.981472249411708,5.098039215686274,5.925925925925926,-0.7182031398428972,-12.007129848567537,-1.0137669173876855,-0.4340777864693664,0.0001999600079984003,
MIX,2022–2025,median,fixed_time5_st,20,403,374,2.7196029776674937,2.855614973262032,3.0,3.0,-0.13601199559453825,-4.762966886924842,-0.2983894078166052,0.012128060113653142,0.08998200359928014,
MIX,2022–2025,median,fixed_time5_sma,20,403,374,5.652605459057072,6.029411764705882,5.0,6.0,-0.37680630564881046,-6.249470435151002,-0.7791487169180492,-0.009126679568907461,0.05898820235952809,
MIX,2022–2025,median,fixed_time5_st_100,20,403,374,2.6150028631418207,2.7457836281365693,2.8846153846153846,2.8846153846153846,-0.13078076499474856,-4.7629668869248505,-0.28691289213135085,0.011661596263128586,0.08978204359128174,
MIX,2022–2025,median,fixed_time5_sma_100,20,403,374,5.435197556785646,5.7975113122171935,4.8076923076923075,5.769230769230769,-0.36231375543154787,-6.249470435150992,-0.7491814585750474,-0.008775653431642319,0.05898820235952809,
MIX,2026,mean,delta_st,20,94,100,10.574468085106384,5.37,10.0,5.0,5.204468085106384,96.91746899639448,3.6487395858858114,6.428125961662315,0.0001999600079984003,0.0015996800639872025
MIX,2026,mean,delta_sma,20,94,100,13.5,6.77,12.0,7.0,6.73,99.40915805022158,4.574946898550527,8.77425898788932,0.0001999600079984003,0.0015996800639872025
MIX,2026,mean,delta_st_hour,20,94,100,0.7673045889497555,0.39454036554936983,0.7128065938976362,0.4045398365042142,0.3727642234003857,94.48063010772994,0.25729651867197734,0.45408587315181714,0.0001999600079984003,
MIX,2026,mean,delta_sma_hour,20,94,100,0.9850532857119472,0.48376136319029717,0.8724761482019523,0.4751886986195225,0.50129192252165,103.62380311146444,0.3398168509836856,0.6392206936797807,0.0001999600079984003,
MIX,2026,mean,delta_st_100,20,94,100,4.153882769968778,4.391731209287476,4.1129059006932245,4.371715241280459,-0.23784843931869837,-5.415824147336362,-0.7045658481556609,0.09623967603356762,0.27274545090981805,
MIX,2026,mean,delta_sma_100,20,94,100,5.333540599723444,5.754063347569631,5.123615883925162,5.442428730099962,-0.4205227478461868,-7.3082745608597595,-1.8511875165580924,0.33837441873799534,0.4311137772445511,
MIX,2026,mean,time5_st,20,94,100,3.3085106382978724,3.62,3.0,3.0,-0.3114893617021277,-8.604678500058776,-0.859274605234696,0.19873158853341769,0.24235152969406118,
MIX,2026,mean,time5_sma,20,94,100,8.829787234042554,10.57,8.0,11.0,-1.7402127659574465,-16.463696934318317,-2.882476688960318,-0.33990554414340196,0.008198360327934412,
MIX,2026,mean,time5_st_hour,20,94,100,0.24308234039883048,0.2607840138347169,0.2376002339388358,0.2696376440815305,-0.01770167343588641,-6.787867544329465,-0.06312657709039965,0.01092715359770454,0.35532893421315737,
MIX,2026,mean,time5_sma_hour,20,94,100,0.6370396135561335,0.7501659489462423,0.6596847477645441,0.741441137068444,-0.11312633539010886,-15.080174666554427,-0.20308489928362547,-0.04314934183969395,0.008198360327934412,
MIX,2026,mean,time5_st_100,20,94,100,2.05191153643893,2.2010788719349903,2.0,2.272727272727273,-0.1491673354960601,-6.777010010773744,-0.5358986471686978,0.09157692471318755,0.357128574285143,
MIX,2026,mean,time5_sma_100,20,94,100,5.375529884316647,6.329751326121234,5.580188679245283,6.25,-0.9542214418045871,-15.075180566205878,-1.714147332149221,-0.36459031377039824,0.008198360327934412,
MIX,2026,mean,time1_st,20,94,100,24.28723404255319,27.71,24.0,27.0,-3.42276595744681,-12.352096562420822,-4.868226833357592,-1.2753186745009302,0.0009998000399920016,
MIX,2026,mean,time1_sma,20,94,100,48.308510638297875,52.19,50.5,55.0,-3.8814893617021227,-7.4372281312552655,-6.239407871503909,1.8037394552219654,0.14317136572685463,
MIX,2026,mean,time1_st_hour,20,94,100,1.7766387152466063,2.005106732073682,1.7351488131100132,2.020908836079108,-0.22846801682707585,-11.394307004834308,-0.40461421500354655,-0.07773537536404226,0.005398920215956809,
MIX,2026,mean,time1_sma_hour,20,94,100,3.495614290318539,3.6972582174529656,3.4626381331614358,3.6612430878797984,-0.20164392713442636,-5.453877313263192,-0.2944622217344524,-0.02547593871553768,0.012397520495900819,
MIX,2026,mean,time1_st_100,20,94,100,2.9689005222360714,3.350943153444407,2.898550724637681,3.3756971256971258,-0.3820426312083356,-11.401047815915263,-0.6771223561704869,-0.12988061802959455,0.005398920215956809,
MIX,2026,mean,time1_sma_100,20,94,100,5.841160437644242,6.178372046673951,5.7897071872227155,6.128138987937183,-0.33721160902970926,-5.4579362732168715,-0.4927678234437793,-0.04345682574387592,0.012397520495900819,
MIX,2026,mean,time15_st,20,94,100,1.2553191489361701,1.25,1.0,1.0,0.005319148936170137,0.425531914893611,-0.25774078745338885,0.2817826399151699,0.972005598880224,
MIX,2026,mean,time15_sma,20,94,100,2.5,2.98,2.0,3.0,-0.48,-16.107382550335572,-1.4260889554434637,0.2564813826949748,0.26914617076584685,
MIX,2026,mean,time15_st_hour,20,94,100,0.09219259733873254,0.09022861563249997,0.07237488162183425,0.07233637441737573,0.001963981706232576,2.176672768904988,-0.019271967010048043,0.021024769092819896,0.859628074385123,
MIX,2026,mean,time15_sma_hour,20,94,100,0.184404443158268,0.211996893167651,0.14459573442583443,0.20227749475576864,-0.027592450009382985,-13.015497348615563,-0.10059365745088296,0.022932298308020335,0.39212157568486306,
MIX,2026,mean,time15_st_100,20,94,100,2.3687371807412965,2.320810144072661,1.8518518518518519,1.8518518518518519,0.04792703666863529,2.06509941328207,-0.506198013317653,0.5377642257767975,0.8672265546890622,
MIX,2026,mean,time15_sma_100,20,94,100,4.739160926171005,5.446299585298197,3.7037037037037037,5.172413793103448,-0.7071386591271924,-12.983836971364017,-2.588346999104075,0.5872992498643015,0.3925214957008598,
MIX,2026,mean,time5_er,20,94,100,0.11172726317967704,0.07440929942805063,0.10413981770799569,0.06457597134653008,0.03731796375162641,50.152284779553206,0.026845505017405954,0.04678948471078138,0.0001999600079984003,
MIX,2026,mean,time5_range,20,94,100,5990.95744680851,3517.75,5425.0,3275.0,2473.20744680851,70.30651543766642,1497.9061687705725,3571.423686594203,0.0001999600079984003,
MIX,2026,mean,delta_bars,20,94,100,253.0212765957447,121.09,227.5,124.0,131.9312765957447,108.95307341295292,101.03388178909428,162.06030375180376,0.0001999600079984003,
MIX,2026,mean,delta_complete_st,20,94,100,10.574468085106384,5.37,10.0,5.0,5.204468085106384,96.91746899639448,3.6487395858858114,6.428125961662315,0.0001999600079984003,
MIX,2026,mean,delta_complete_sma,20,94,100,13.48936170212766,6.77,12.0,7.0,6.71936170212766,99.25201923379115,4.552381861924235,8.770524834020806,0.0001999600079984003,
MIX,2026,mean,delta_weekends_st,20,94,100,10.595744680851064,5.37,10.0,5.0,5.225744680851064,97.31368120765482,3.6687256946433315,6.460807498675146,0.0001999600079984003,
MIX,2026,mean,delta_weekends_sma,20,94,100,13.606382978723405,6.81,12.0,7.0,6.796382978723405,99.80004374043179,4.658192155498144,8.817461809213166,0.0001999600079984003,
MIX,2026,mean,fixed_delta_st,20,91,103,9.021978021978022,4.485436893203883,8.0,4.0,4.536541128774139,101.13933685362258,2.886786065884587,5.863104622205242,0.0001999600079984003,
MIX,2026,mean,fixed_delta_sma,20,91,103,11.43956043956044,5.368932038834951,10.0,5.0,6.0706284007254885,113.06957057409139,3.8990928931783295,8.004672231948133,0.0001999600079984003,
MIX,2026,mean,fixed_delta_st_100,20,91,103,4.1736045186317074,4.501819869317722,4.0,4.635761589403973,-0.3282153506860146,-7.2907259777979,-0.8461280738304985,-0.05182799249893627,0.14337132573485303,
MIX,2026,mean,fixed_delta_sma_100,20,91,103,5.305048929458659,5.959727635080943,5.147058823529412,5.2631578947368425,-0.6546787056222847,-10.98504404410409,-2.6532408446492135,0.34356360264700225,0.373125374925015,
MIX,2026,mean,fixed_time5_st,20,91,103,2.32967032967033,2.407766990291262,3.0,2.0,-0.07809666062093212,-3.2435306628854876,-0.5518020556104576,0.2224671964043444,0.7086582683463307,
MIX,2026,mean,fixed_time5_sma,20,91,103,5.604395604395604,6.786407766990291,5.0,6.0,-1.1820121625946873,-17.417346601895964,-2.272586122145436,-0.4377855746499375,0.017196560687862426,
MIX,2026,mean,fixed_time5_st_100,20,91,103,2.240067624683009,2.3151605675877516,2.8846153846153846,1.9230769230769231,-0.07509294290474244,-3.243530662885489,-0.5305788996254397,0.21391076577340795,0.7084583083383323,
MIX,2026,mean,fixed_time5_sma_100,20,91,103,5.388841927303467,6.525392083644511,4.8076923076923075,5.769230769230769,-1.1365501563410438,-17.41734660189594,-2.1851789636013814,-0.420947667932632,0.017196560687862426,
MIX,2026,median,delta_st,20,102,92,10.284313725490197,5.239130434782608,10.0,5.0,5.045183290707588,96.29810430396228,3.4771322964669737,6.323587014535543,0.0001999600079984003,0.0015996800639872025
MIX,2026,median,delta_sma,20,102,92,13.03921568627451,6.695652173913044,12.0,7.0,6.343563512361466,94.74153297682707,3.9903489906439344,8.428865882615364,0.0001999600079984003,0.0015996800639872025
MIX,2026,median,delta_st_hour,20,102,92,0.7529300108324444,0.3780631175141811,0.7122001471205008,0.3589419000946874,0.3748668933182633,99.1545792097009,0.2663922465696418,0.4526783989518302,0.0001999600079984003,
MIX,2026,median,delta_sma_hour,20,102,92,0.9528229618573106,0.47590438115768546,0.867827514469052,0.4738703851920464,0.47691858069962517,100.2131099401675,0.3091443020629066,0.6112872189298981,0.0001999600079984003,
MIX,2026,median,delta_st_100,20,102,92,4.204127904997475,4.356707119522502,4.184173669467787,4.3478260869565215,-0.15257921452502732,-3.5021682738625333,-0.6563888905341513,0.19299587482922573,0.4967006598680264,
MIX,2026,median,delta_sma_100,20,102,92,5.288535330907499,5.840527688895675,5.0743861839367455,5.547324633882273,-0.5519923579881763,-9.451069961326503,-2.0468944059065186,0.23463905276684058,0.3353329334133173,
MIX,2026,median,time5_st,20,102,92,3.235294117647059,3.7282608695652173,3.0,3.0,-0.4929667519181584,-13.222431829874804,-1.0333609452629284,-0.011171615694643316,0.060387922415516895,
MIX,2026,median,time5_sma,20,102,92,8.72549019607843,10.83695652173913,8.0,11.0,-2.1114663256607002,-19.483942022144877,-3.239863339671785,-0.7760894927324895,0.0003999200159968006,
MIX,2026,median,time5_st_hour,20,102,92,0.2403278831913709,0.2653771445156731,0.22407073869634286,0.2696780667513518,-0.025049261324302213,-9.43911781476826,-0.07247372252978204,0.00114745851844868,0.20475904819036192,
MIX,2026,median,time5_sma_hour,20,102,92,0.6327898017679295,0.7647147694409998,0.6596847477645441,0.741441137068444,-0.13192496767307027,-17.251526051929968,-0.2288125321540129,-0.05625809428280263,0.003599280143971206,
MIX,2026,median,time5_st_100,20,102,92,2.029139666945152,2.2392970172864453,1.9049346879535558,2.272727272727273,-0.21015735034129346,-9.38496986862242,-0.6113679510307534,0.01066546136378957,0.20835832833433313,
MIX,2026,median,time5_sma_100,20,102,92,5.340339319756056,6.451742729595333,5.580188679245283,6.25,-1.1114034098392773,-17.226406204033292,-1.9319764569455566,-0.47217693704137154,0.003799240151969606,
MIX,2026,median,time1_st,20,102,92,24.0,28.32608695652174,24.0,27.5,-4.326086956521738,-15.272448196469682,-5.8011213758864155,-1.8777049304295212,0.0001999600079984003,
MIX,2026,median,time1_sma,20,102,92,47.71568627450981,53.18478260869565,49.5,56.0,-5.469096334185842,-10.283197685368844,-7.471076176094653,0.013611773850723425,0.026794641071785644,
MIX,2026,median,time1_st_hour,20,102,92,1.773277610874963,2.028699957948946,1.7351488131100132,2.0233113062865806,-0.2554223470739829,-12.590444736451799,-0.459915738394711,-0.09587938878312877,0.005398920215956809,
MIX,2026,median,time1_sma_hour,20,102,92,3.4900669594875704,3.720942773559859,3.447555139071037,3.672696034050987,-0.2308758140722884,-6.204766590683346,-0.3358179357876685,-0.04277252623217207,0.008598280343931213,
MIX,2026,median,time1_st_100,20,102,92,2.963487481634375,3.3901656663904918,2.898550724637681,3.3800104452278363,-0.42667818475611696,-12.585762076058103,-0.7688090205121706,-0.16005155289220138,0.005598880223955209,
MIX,2026,median,time1_sma_100,20,102,92,5.832308849736455,6.21750851231343,5.762778084206655,6.14231132353809,-0.3851996625769756,-6.195402255004702,-0.5609016293081016,-0.07079739981775032,0.008598280343931213,
MIX,2026,median,time15_st,20,102,92,1.2843137254901962,1.2173913043478262,1.0,1.0,0.06692242114237001,5.4971988795518225,-0.1556885688525965,0.3257362347390437,0.5982803439312138,
MIX,2026,median,time15_sma,20,102,92,2.480392156862745,3.0434782608695654,2.0,3.0,-0.5630861040068202,-18.501400560224095,-1.5369622699457604,0.1938589260669203,0.19696060787842432,
MIX,2026,median,time15_st_hour,20,102,92,0.09562886069353424,0.08624806437337351,0.10166044834177973,0.06984632889505885,0.009380796320160728,10.8765296801916,-0.007884655368082692,0.02538917306271751,0.2819436112777445,
MIX,2026,median,time15_sma_hour,20,102,92,0.18481544471433026,0.21394056100848483,0.14459573442583443,0.20227749475576864,-0.029125116294154568,-13.613648649355218,-0.10548875856404864,0.021737041308879816,0.3787242551489702,
MIX,2026,median,time15_st_100,20,102,92,2.4607621156938007,2.214614930393264,2.6315789473684212,1.7879948914431671,0.2461471853005368,11.114671987550757,-0.20308167721712875,0.65414844164539,0.27494501099780044,
MIX,2026,median,time15_sma_100,20,102,92,4.754902436531937,5.490337359387355,3.7037037037037037,5.172413793103448,-0.7354349228554176,-13.395077109386989,-2.703178242361251,0.5755645845483472,0.3889222155568886,
MIX,2026,median,time5_er,20,102,92,0.10957857268105549,0.07354650291551135,0.10413981770799569,0.0641957619097697,0.03603206976554414,48.99222714496298,0.022889758447698343,0.04727055522953367,0.0001999600079984003,
MIX,2026,median,time5_range,20,102,92,5841.911764705882,3467.9347826086955,5337.5,3237.5,2373.9769820971865,68.45506420715913,1406.1062593752386,3442.228338068181,0.0001999600079984003,
MIX,2026,median,delta_bars,20,102,92,244.55882352941177,119.0,221.5,122.5,125.55882352941177,105.5116164112704,94.08764221158957,156.5353528983118,0.0001999600079984003,
MIX,2026,median,delta_complete_st,20,102,92,10.284313725490197,5.239130434782608,10.0,5.0,5.045183290707588,96.29810430396228,3.4771322964669737,6.323587014535543,0.0001999600079984003,
MIX,2026,median,delta_complete_sma,20,102,92,13.029411764705882,6.695652173913044,12.0,7.0,6.333759590792838,94.59511077158135,3.9609104193453364,8.424552249932232,0.0001999600079984003,
MIX,2026,median,delta_weekends_st,20,102,92,10.303921568627452,5.239130434782608,10.0,5.0,5.064791133844843,96.67236189081444,3.5034386785681666,6.34713814411395,0.0001999600079984003,
MIX,2026,median,delta_weekends_sma,20,102,92,13.137254901960784,6.739130434782608,12.0,7.0,6.398124467178175,94.93991144845036,4.076327435484413,8.416259777219079,0.0001999600079984003,
MIX,2026,median,fixed_delta_st,20,102,92,8.637254901960784,4.369565217391305,8.0,4.0,4.267689684569479,97.66852014437613,2.7552370603172847,5.58610815939279,0.0001999600079984003,
MIX,2026,median,fixed_delta_sma,20,102,92,10.882352941176471,5.260869565217392,10.0,5.0,5.621483375959079,106.85464268351969,3.4507362155388464,7.573168886566924,0.0001999600079984003,
MIX,2026,median,fixed_delta_st_100,20,102,92,4.173614577048519,4.5410518573506735,4.027027027027027,4.643462190050824,-0.3674372803021546,-8.091457482639798,-0.9395829514832256,-0.03081223335902296,0.1329734053189362,
MIX,2026,median,fixed_delta_sma_100,20,102,92,5.22475170742173,6.127029617794115,5.1746854811288685,5.217785843920145,-0.9022779103723853,-14.726188163869656,-2.978512498840587,0.17257991750555474,0.2439512097580484,
MIX,2026,median,fixed_time5_st,20,102,92,2.3333333333333335,2.4130434782608696,2.5,2.0,-0.07971014492753614,-3.3033033033032995,-0.47280272352748975,0.14589722116545464,0.6752649470105979,
MIX,2026,median,fixed_time5_sma,20,102,92,5.450980392156863,7.0978260869565215,5.0,6.0,-1.6468456947996586,-23.202113923670534,-2.6083892873873302,-0.9587225785992074,0.0005998800239952009,
MIX,2026,median,fixed_time5_st_100,20,102,92,2.2435897435897436,2.320234113712374,2.4038461538461537,1.9230769230769231,-0.07664437012263026,-3.303303303303273,-0.4546180033918173,0.1402857895821691,0.6752649470105979,
MIX,2026,median,fixed_time5_sma_100,20,102,92,5.241327300150829,6.824832775919732,4.8076923076923075,5.769230769230769,-1.583505475768903,-23.202113923670545,-2.5080666224878176,-0.9218486332684671,0.0005998800239952009,
MIX,2026,mean,delta_st,40,94,100,10.574468085106384,5.37,10.0,5.0,5.204468085106384,96.91746899639448,3.663048105636431,6.199597739576022,0.0001999600079984003,0.0015996800639872025
MIX,2026,mean,delta_sma,40,94,100,13.5,6.77,12.0,7.0,6.73,99.40915805022158,5.211656462117043,8.255637267349467,0.0001999600079984003,0.0015996800639872025
MIX,2026,median,delta_st,40,102,92,10.284313725490197,5.239130434782608,10.0,5.0,5.045183290707588,96.29810430396228,3.442826880474595,6.175783728180537,0.0001999600079984003,0.0015996800639872025
MIX,2026,median,delta_sma,40,102,92,13.03921568627451,6.695652173913044,12.0,7.0,6.343563512361466,94.74153297682707,4.297026082737331,8.175437216917352,0.0001999600079984003,0.0015996800639872025
MIX,2026,mean,delta_st,60,94,100,10.574468085106384,5.37,10.0,5.0,5.204468085106384,96.91746899639448,3.5782063687543983,6.187783636853594,0.0001999600079984003,0.0015996800639872025
MIX,2026,mean,delta_sma,60,94,100,13.5,6.77,12.0,7.0,6.73,99.40915805022158,5.04728844609657,8.14277209335803,0.0001999600079984003,0.0015996800639872025
MIX,2026,median,delta_st,60,102,92,10.284313725490197,5.239130434782608,10.0,5.0,5.045183290707588,96.29810430396228,3.3359178493987782,6.249328256024779,0.0001999600079984003,0.0015996800639872025
MIX,2026,median,delta_sma,60,102,92,13.03921568627451,6.695652173913044,12.0,7.0,6.343563512361466,94.74153297682707,4.200576239587696,8.19137172320012,0.0001999600079984003,0.0015996800639872025
