period,block,symbol,window,basis,indicator,n_high,n_low,high_mean,low_mean,high_median,low_median,difference,change_percent,ci_low,ci_high,p,bootstrap_valid,p_holm,verdict
2026,20,RTS,common,mean,st,88,106,3.6363636363636362,4.037735849056604,4.0,4.0,-0.40137221269296797,-9.940526762956681,-0.8097572362278243,0.007012810841888317,0.05538892221555689,5000,0.5538892221555689,Не подтверждена
2026,20,RTS,common,mean,sma,88,106,9.113636363636363,9.89622641509434,9.0,9.0,-0.7825900514579764,-7.907964294999571,-2.0666666666666664,0.5014865637507135,0.2425514897020596,5000,1.0,Не подтверждена
2026,20,RTS,common,median,st,90,104,3.7222222222222223,3.9711538461538463,4.0,4.0,-0.24893162393162394,-6.268496099004573,-0.6665511097664494,0.1686878619032015,0.2509498100379924,5000,1.0,Не подтверждена
2026,20,RTS,common,median,sma,90,104,9.2,9.836538461538462,9.0,9.0,-0.6365384615384624,-6.471163245356802,-2.002688831636201,0.729611908559276,0.369126174765047,5000,1.0,Не подтверждена
2026,20,RTS,fixed,mean,st,81,92,2.5308641975308643,2.608695652173913,3.0,2.0,-0.07783145464304875,-2.983539094650202,-0.39079804442123267,0.23513513513513518,0.6282743451309738,5000,1.0,Не подтверждена
2026,20,RTS,fixed,mean,sma,81,92,5.37037037037037,6.728260869565218,5.0,6.0,-1.3578904991948475,-20.181894333752172,-2.2051282051282044,-0.5106527932614906,0.0013997200559888023,5000,0.019596080783843232,Поддерживается
2026,20,RTS,fixed,median,st,81,92,2.5185185185185186,2.619565217391304,2.0,2.5,-0.10104669887278561,-3.8573843553096583,-0.4391027435399639,0.2370093457943927,0.5556888622275545,5000,1.0,Не подтверждена
2026,20,RTS,fixed,median,sma,81,92,5.395061728395062,6.706521739130435,5.0,6.0,-1.3114600107353729,-19.554995297837003,-2.1319540234624945,-0.49096599800825125,0.0021995600879824036,5000,0.028594281143771248,Поддерживается
2026,20,MIX,common,mean,st,94,100,3.3085106382978724,3.62,3.0,3.0,-0.3114893617021277,-8.604678500058776,-0.8416921736966527,0.2187134502923973,0.24235152969406118,5000,1.0,Не подтверждена
2026,20,MIX,common,mean,sma,94,100,8.829787234042554,10.57,8.0,11.0,-1.7402127659574465,-16.463696934318317,-3.0436144029689327,-0.4368111289459602,0.008198360327934412,5000,0.09838032393521295,Не подтверждена
2026,20,MIX,common,median,st,102,92,3.235294117647059,3.7282608695652173,3.0,3.0,-0.4929667519181584,-13.222431829874804,-1.0087557603686634,0.022822256532346596,0.060387922415516895,5000,0.5538892221555689,Не подтверждена
2026,20,MIX,common,median,sma,102,92,8.72549019607843,10.83695652173913,8.0,11.0,-2.1114663256607002,-19.483942022144877,-3.3758486491812185,-0.847084002140182,0.0003999200159968006,5000,0.00639872025594881,Поддерживается
2026,20,MIX,fixed,mean,st,91,103,2.32967032967033,2.407766990291262,3.0,2.0,-0.07809666062093212,-3.2435306628854876,-0.48992845349477143,0.3337351322529072,0.7086582683463307,5000,1.0,Не подтверждена
2026,20,MIX,fixed,mean,sma,91,103,5.604395604395604,6.786407766990291,5.0,6.0,-1.1820121625946873,-17.417346601895964,-2.13923800040305,-0.22478632478632488,0.017196560687862426,5000,0.18916216756648668,Не подтверждена
2026,20,MIX,fixed,median,st,102,92,2.3333333333333335,2.4130434782608696,2.5,2.0,-0.07971014492753614,-3.3033033033032995,-0.4300152779410036,0.2705949880859313,0.6752649470105979,5000,1.0,Не подтверждена
2026,20,MIX,fixed,median,sma,102,92,5.450980392156863,7.0978260869565215,5.0,6.0,-1.6468456947996586,-23.202113923670534,-2.507321274763134,-0.786370114836183,0.0005998800239952009,5000,0.008998200359928014,Поддерживается
2026,40,RTS,common,mean,st,88,106,3.6363636363636362,4.037735849056604,4.0,4.0,-0.40137221269296797,-9.940526762956681,-0.7912550636838085,-0.011489361702127443,0.04479104179164167,5000,0.40311937612477505,Не подтверждена
2026,40,RTS,common,mean,sma,88,106,9.113636363636363,9.89622641509434,9.0,9.0,-0.7825900514579764,-7.907964294999571,-2.025029332676688,0.45984922976073506,0.2887422515496901,5000,1.0,Не подтверждена
2026,40,RTS,common,median,st,90,104,3.7222222222222223,3.9711538461538463,4.0,4.0,-0.24893162393162394,-6.268496099004573,-0.6418803418803418,0.14401709401709395,0.22955408918216358,5000,1.0,Не подтверждена
2026,40,RTS,common,median,sma,90,104,9.2,9.836538461538462,9.0,9.0,-0.6365384615384624,-6.471163245356802,-1.9744062541232363,0.7013293310463116,0.4539092181563687,5000,1.0,Не подтверждена
2026,40,RTS,fixed,mean,st,81,92,2.5308641975308643,2.608695652173913,3.0,2.0,-0.07783145464304875,-2.983539094650202,-0.38217075141395096,0.22650784212785346,0.6046790641871626,5000,1.0,Не подтверждена
2026,40,RTS,fixed,mean,sma,81,92,5.37037037037037,6.728260869565218,5.0,6.0,-1.3578904991948475,-20.181894333752172,-2.1517591105647975,-0.5640218878248975,0.0001999600079984003,5000,0.003199360127974405,Поддерживается
2026,40,RTS,fixed,median,st,81,92,2.5185185185185186,2.619565217391304,2.0,2.5,-0.10104669887278561,-3.8573843553096583,-0.46463909399017034,0.2625456962445991,0.5476904619076185,5000,1.0,Не подтверждена
2026,40,RTS,fixed,median,sma,81,92,5.395061728395062,6.706521739130435,5.0,6.0,-1.3114600107353729,-19.554995297837003,-2.1277817327931308,-0.495138288677615,0.0005998800239952009,5000,0.008398320335932814,Поддерживается
2026,40,MIX,common,mean,st,94,100,3.3085106382978724,3.62,3.0,3.0,-0.3114893617021277,-8.604678500058776,-0.7798269581056467,0.1568482347013913,0.1941611677664467,5000,1.0,Не подтверждена
2026,40,MIX,common,mean,sma,94,100,8.829787234042554,10.57,8.0,11.0,-1.7402127659574465,-16.463696934318317,-3.031674455256839,-0.4487510766580538,0.006798640271945611,5000,0.08158368326334733,Не подтверждена
2026,40,MIX,common,median,st,102,92,3.235294117647059,3.7282608695652173,3.0,3.0,-0.4929667519181584,-13.222431829874804,-0.9433658597742767,-0.042567644062040166,0.033193361327734455,5000,0.33193361327734455,Не подтверждена
2026,40,MIX,common,median,sma,102,92,8.72549019607843,10.83695652173913,8.0,11.0,-2.1114663256607002,-19.483942022144877,-3.397676310252864,-0.8252563410685365,0.0013997200559888023,5000,0.01819636072785443,Поддерживается
2026,40,MIX,fixed,mean,st,91,103,2.32967032967033,2.407766990291262,3.0,2.0,-0.07809666062093212,-3.2435306628854876,-0.4988947833775419,0.34270146213567765,0.6862627474505099,5000,1.0,Не подтверждена
2026,40,MIX,fixed,mean,sma,91,103,5.604395604395604,6.786407766990291,5.0,6.0,-1.1820121625946873,-17.417346601895964,-2.1223443677199434,-0.24167995746943127,0.01879624075184963,5000,0.20675864827034593,Не подтверждена
2026,40,MIX,fixed,median,st,102,92,2.3333333333333335,2.4130434782608696,2.5,2.0,-0.07971014492753614,-3.3033033033032995,-0.44215011471648635,0.28272982486141407,0.6746650669866027,5000,1.0,Не подтверждена
2026,40,MIX,fixed,median,sma,102,92,5.450980392156863,7.0978260869565215,5.0,6.0,-1.6468456947996586,-23.202113923670534,-2.374183006535948,-0.919508383063369,0.0003999200159968006,5000,0.005998800239952009,Поддерживается
2026,60,RTS,common,mean,st,88,106,3.6363636363636362,4.037735849056604,4.0,4.0,-0.40137221269296797,-9.940526762956681,-0.7615073119838738,-0.04123711340206215,0.026994601079784044,5000,0.2429514097180564,Не подтверждена
2026,60,RTS,common,mean,sma,88,106,9.113636363636363,9.89622641509434,9.0,9.0,-0.7825900514579764,-7.907964294999571,-2.12467377380203,0.5594936708860772,0.3629274145170966,5000,1.0,Не подтверждена
2026,60,RTS,common,median,st,90,104,3.7222222222222223,3.9711538461538463,4.0,4.0,-0.24893162393162394,-6.268496099004573,-0.6574138096610005,0.15955056179775262,0.2471505698860228,5000,1.0,Не подтверждена
2026,60,RTS,common,median,sma,90,104,9.2,9.836538461538462,9.0,9.0,-0.6365384615384624,-6.471163245356802,-2.064529914529917,0.7914529914529922,0.5442911417716457,5000,1.0,Не подтверждена
2026,60,RTS,fixed,mean,st,81,92,2.5308641975308643,2.608695652173913,3.0,2.0,-0.07783145464304875,-2.983539094650202,-0.38178319230496527,0.22612028301886777,0.5802839432113577,5000,1.0,Не подтверждена
2026,60,RTS,fixed,mean,sma,81,92,5.37037037037037,6.728260869565218,5.0,6.0,-1.3578904991948475,-20.181894333752172,-2.129306793631609,-0.586474204758086,0.0001999600079984003,5000,0.003199360127974405,Поддерживается
2026,60,RTS,fixed,median,st,81,92,2.5185185185185186,2.619565217391304,2.0,2.5,-0.10104669887278561,-3.8573843553096583,-0.48034198531619277,0.27824858757062154,0.5566886622675465,5000,1.0,Не подтверждена
2026,60,RTS,fixed,median,sma,81,92,5.395061728395062,6.706521739130435,5.0,6.0,-1.3114600107353729,-19.554995297837003,-2.107802440283736,-0.5151175811870097,0.0001999600079984003,5000,0.003199360127974405,Поддерживается
2026,60,MIX,common,mean,st,94,100,3.3085106382978724,3.62,3.0,3.0,-0.3114893617021277,-8.604678500058776,-0.7575136612021858,0.13453493779793035,0.17196560687862428,5000,1.0,Не подтверждена
2026,60,MIX,common,mean,sma,94,100,8.829787234042554,10.57,8.0,11.0,-1.7402127659574465,-16.463696934318317,-2.967136150234742,-0.5132893816801509,0.001799640071985603,5000,0.021595680863827234,Поддерживается
2026,60,MIX,common,median,st,102,92,3.235294117647059,3.7282608695652173,3.0,3.0,-0.4929667519181584,-13.222431829874804,-0.8913956887102668,-0.09453781512605008,0.013197360527894421,5000,0.1319736052789442,Не подтверждена
2026,60,MIX,common,median,sma,102,92,8.72549019607843,10.83695652173913,8.0,11.0,-2.1114663256607002,-19.483942022144877,-3.1457152600170524,-1.0772173913043481,0.0001999600079984003,5000,0.003199360127974405,Поддерживается
2026,60,MIX,fixed,mean,st,91,103,2.32967032967033,2.407766990291262,3.0,2.0,-0.07809666062093212,-3.2435306628854876,-0.5116935009989421,0.3555001797570778,0.7128574285142971,5000,1.0,Не подтверждена
2026,60,MIX,fixed,mean,sma,91,103,5.604395604395604,6.786407766990291,5.0,6.0,-1.1820121625946873,-17.417346601895964,-2.120198715618563,-0.24382560957081179,0.009598080383923215,5000,0.10557888422315537,Не подтверждена
2026,60,MIX,fixed,median,st,102,92,2.3333333333333335,2.4130434782608696,2.5,2.0,-0.07971014492753614,-3.3033033033032995,-0.44406275048665966,0.2846424606315874,0.6840631873625275,5000,1.0,Не подтверждена
2026,60,MIX,fixed,median,sma,102,92,5.450980392156863,7.0978260869565215,5.0,6.0,-1.6468456947996586,-23.202113923670534,-2.2212885154061626,-1.0724028741931546,0.0001999600079984003,5000,0.003199360127974405,Поддерживается
2022–2025,20,RTS,common,mean,st,419,555,4.121718377088306,4.104504504504504,4.0,4.0,0.01721387258380158,0.4193897841970974,-0.24901987681991677,0.28344762198751994,0.902619476104779,5000,1.0,Не подтверждена
2022–2025,20,RTS,common,mean,sma,419,555,8.455847255369928,9.538738738738738,8.0,10.0,-1.08289148336881,-11.352564663197763,-1.5721594212260186,-0.5936235455116012,0.0001999600079984003,5000,0.003199360127974405,Поддерживается
2022–2025,20,RTS,common,median,st,475,499,4.136842105263158,4.0881763527054105,4.0,4.0,0.04866575255774741,1.1904024767801942,-0.21657722122838452,0.31390872634387934,0.7274545090981803,5000,1.0,Не подтверждена
2022–2025,20,RTS,common,median,sma,475,499,8.509473684210526,9.609218436873748,8.0,10.0,-1.0997447526632218,-11.44468470446189,-1.5850316986173603,-0.6144578067090833,0.0001999600079984003,5000,0.003199360127974405,Поддерживается
2022–2025,20,RTS,fixed,mean,st,374,517,2.7754010695187166,2.8259187620889747,3.0,3.0,-0.05051769257025818,-1.7876555139509567,-0.2363353551065348,0.13529996996601845,0.6052789442111578,5000,1.0,Не подтверждена
2022–2025,20,RTS,fixed,mean,sma,374,517,5.278074866310161,6.152804642166345,5.0,6.0,-0.874729775856184,-14.216764983264607,-1.2063588007736943,-0.5431007509386738,0.0001999600079984003,5000,0.003199360127974405,Поддерживается
2022–2025,20,RTS,fixed,median,st,432,459,2.7731481481481484,2.8344226579520697,3.0,3.0,-0.06127450980392135,-2.161798616448878,-0.256440378318596,0.1338913587107533,0.5578884223155369,5000,1.0,Не подтверждена
2022–2025,20,RTS,fixed,median,sma,432,459,5.372685185185185,6.174291938997821,5.0,6.0,-0.8016067538126359,-12.982974594213122,-1.1464450830938393,-0.4567684245314325,0.0001999600079984003,5000,0.003199360127974405,Поддерживается
2022–2025,20,MIX,common,mean,st,432,522,4.155092592592593,4.296934865900383,4.0,4.0,-0.1418422733077902,-3.301010551344917,-0.4498890797194788,0.16620453310389838,0.36372725454909016,5000,1.0,Не подтверждена
2022–2025,20,MIX,common,mean,sma,432,522,8.465277777777779,9.39272030651341,8.0,9.0,-0.9274425287356323,-9.874056699979604,-1.4946550221447517,-0.3602300353265129,0.001999600079984003,5000,0.021995600879824034,Поддерживается
2022–2025,20,MIX,common,median,st,497,457,4.152917505030181,4.319474835886214,4.0,4.0,-0.1665573308560333,-3.8559625228575087,-0.4754517439417283,0.14233708222966168,0.2923415316936613,5000,1.0,Не подтверждена
2022–2025,20,MIX,common,median,sma,497,457,8.567404426559357,9.413566739606127,8.0,9.0,-0.8461623130467704,-8.988753534690238,-1.3803966444626514,-0.3119279816308893,0.0023995200959808036,5000,0.023995200959808036,Поддерживается
2022–2025,20,MIX,fixed,mean,st,338,439,2.662721893491124,2.879271070615034,3.0,3.0,-0.21654917712390986,-7.5209722118193385,-0.38316863380427746,-0.04992972044354227,0.013397320535892822,5000,0.1205758848230354,Не подтверждена
2022–2025,20,MIX,fixed,mean,sma,338,439,5.5266272189349115,6.070615034168565,5.0,6.0,-0.5439878152336535,-8.961000033304835,-0.8856512920010591,-0.20232433846624787,0.0009998000399920016,5000,0.01199760047990402,Поддерживается
2022–2025,20,MIX,fixed,median,st,403,374,2.7196029776674937,2.855614973262032,3.0,3.0,-0.13601199559453825,-4.762966886924842,-0.2929746806324478,0.020950689443371306,0.08998200359928014,5000,0.629874025194961,Не подтверждена
2022–2025,20,MIX,fixed,median,sma,403,374,5.652605459057072,6.029411764705882,5.0,6.0,-0.37680630564881046,-6.249470435151002,-0.7685933818804891,0.014980770582868175,0.05898820235952809,5000,0.47190561887622473,Не подтверждена
все,20,RTS,common,mean,st,507,661,4.037475345167653,4.093797276853253,4.0,4.0,-0.0563219316855994,-1.3757870230665634,-0.28493761140819984,0.17229374803700104,0.6320735852829434,5000,1.0,Не подтверждена
все,20,RTS,common,mean,sma,507,661,8.570019723865878,9.59606656580938,8.0,9.0,-1.0260468419435025,-10.692368950412346,-1.4812171692861469,-0.5708765146008581,0.0001999600079984003,5000,0.003199360127974405,Поддерживается
все,20,RTS,common,median,st,565,603,4.070796460176991,4.067993366500829,4.0,4.0,0.0028030936761620495,0.0689060532705143,-0.22765127556398923,0.23325746291631333,0.9788042391521695,5000,1.0,Не подтверждена
все,20,RTS,common,median,sma,565,603,8.619469026548673,9.648424543946932,8.0,10.0,-1.0289555173982592,-10.664492557427815,-1.47346809842416,-0.5844429363723584,0.0001999600079984003,5000,0.003199360127974405,Поддерживается
все,20,RTS,fixed,mean,st,455,609,2.731868131868132,2.793103448275862,3.0,3.0,-0.06123531640773017,-2.192375525708858,-0.2236100381543884,0.10113940533892807,0.4491101779644071,5000,1.0,Не подтверждена
все,20,RTS,fixed,mean,sma,455,609,5.294505494505494,6.239737274220033,5.0,6.0,-0.9452317797145389,-15.148582995951426,-1.2553406255633606,-0.6351229338657172,0.0001999600079984003,5000,0.003199360127974405,Поддерживается
все,20,RTS,fixed,median,st,513,551,2.732943469785575,2.798548094373866,3.0,3.0,-0.06560462458829086,-2.3442378824998875,-0.23455768869893578,0.10334843952235406,0.4445110977804439,5000,1.0,Не подтверждена
все,20,RTS,fixed,median,sma,513,551,5.376218323586745,6.2631578947368425,5.0,6.0,-0.8869395711500978,-14.161220043572989,-1.2151096502514083,-0.5587694920487873,0.0001999600079984003,5000,0.003199360127974405,Поддерживается
все,20,MIX,common,mean,st,526,622,4.003802281368821,4.188102893890675,4.0,4.0,-0.18430061252185403,-4.400575085934481,-0.46495098039215677,0.0963497553484487,0.19016196760647872,5000,0.9508098380323936,Не подтверждена
все,20,MIX,common,mean,sma,526,622,8.53041825095057,9.581993569131832,8.0,9.0,-1.0515753181812624,-10.974494092428612,-1.5728470405889752,-0.5303035957735496,0.0003999200159968006,5000,0.003999200159968006,Поддерживается
все,20,MIX,common,median,st,599,549,3.996661101836394,4.22040072859745,4.0,4.0,-0.22373962676105563,-5.30138347396718,-0.5037824694207726,0.056303215898661385,0.11497700459908018,5000,0.7586482703459309,Не подтверждена
все,20,MIX,common,median,sma,599,549,8.59432387312187,9.652094717668488,8.0,9.0,-1.057770844546619,-10.958977045783993,-1.555657142857143,-0.5598845462360948,0.0001999600079984003,5000,0.003199360127974405,Поддерживается
все,20,MIX,fixed,mean,st,429,542,2.5920745920745922,2.7896678966789668,3.0,3.0,-0.19759330460437452,-7.083040416373743,-0.3637086789654993,-0.03147793024324974,0.017996400719856028,5000,0.14397120575884823,Не подтверждена
все,20,MIX,fixed,mean,sma,429,542,5.543123543123543,6.206642066420664,5.0,6.0,-0.663518523297121,-10.690458966321035,-0.9923824491628714,-0.3346545974313706,0.0001999600079984003,5000,0.003199360127974405,Поддерживается
все,20,MIX,fixed,median,st,505,466,2.6415841584158417,2.7682403433476397,3.0,3.0,-0.12665618493179798,-4.575331951799834,-0.28063423837666956,0.02732186851307361,0.10837832433513298,5000,0.7586482703459309,Не подтверждена
все,20,MIX,fixed,median,sma,505,466,5.6118811881188115,6.240343347639485,5.0,6.0,-0.6284621595206739,-10.070954825881499,-1.0086745696754615,-0.24824974936588617,0.0021995600879824036,5000,0.01979604079184163,Поддерживается
