symbol,day,status
RTS,2022-02-28,нет архива; праздник/пропуск не различены
RTS,2022-03-01,нет архива; праздник/пропуск не различены
RTS,2022-03-02,нет архива; праздник/пропуск не различены
RTS,2022-03-03,нет архива; праздник/пропуск не различены
RTS,2022-03-04,нет архива; праздник/пропуск не различены
RTS,2022-03-07,нет архива; праздник/пропуск не различены
RTS,2022-03-08,нет архива; праздник/пропуск не различены
RTS,2022-03-09,нет архива; праздник/пропуск не различены
RTS,2022-03-10,нет архива; праздник/пропуск не различены
RTS,2022-03-11,нет архива; праздник/пропуск не различены
RTS,2022-03-14,нет архива; праздник/пропуск не различены
RTS,2022-03-15,нет архива; праздник/пропуск не различены
RTS,2022-03-16,нет архива; праздник/пропуск не различены
RTS,2022-03-17,нет архива; праздник/пропуск не различены
RTS,2022-03-18,нет архива; праздник/пропуск не различены
RTS,2022-03-21,нет архива; праздник/пропуск не различены
RTS,2022-03-22,нет архива; праздник/пропуск не различены
RTS,2022-03-23,нет архива; праздник/пропуск не различены
RTS,2022-05-02,нет архива; праздник/пропуск не различены
RTS,2022-05-03,нет архива; праздник/пропуск не различены
RTS,2022-05-09,нет архива; праздник/пропуск не различены
RTS,2022-05-10,нет архива; праздник/пропуск не различены
RTS,2022-06-13,нет архива; праздник/пропуск не различены
RTS,2022-11-04,нет архива; праздник/пропуск не различены
RTS,2023-01-02,нет архива; праздник/пропуск не различены
RTS,2023-02-23,нет архива; праздник/пропуск не различены
RTS,2023-03-08,нет архива; праздник/пропуск не различены
RTS,2023-05-01,нет архива; праздник/пропуск не различены
RTS,2023-05-09,нет архива; праздник/пропуск не различены
RTS,2023-06-12,нет архива; праздник/пропуск не различены
RTS,2024-01-01,нет архива; праздник/пропуск не различены
RTS,2024-01-02,нет архива; праздник/пропуск не различены
RTS,2024-02-23,нет архива; праздник/пропуск не различены
RTS,2024-03-08,нет архива; праздник/пропуск не различены
RTS,2024-05-01,нет архива; праздник/пропуск не различены
RTS,2024-05-09,нет архива; праздник/пропуск не различены
RTS,2024-06-12,нет архива; праздник/пропуск не различены
RTS,2024-11-04,нет архива; праздник/пропуск не различены
RTS,2024-12-31,нет архива; праздник/пропуск не различены
RTS,2025-01-01,нет архива; праздник/пропуск не различены
RTS,2025-01-02,нет архива; праздник/пропуск не различены
RTS,2025-01-07,нет архива; праздник/пропуск не различены
RTS,2025-05-01,нет архива; праздник/пропуск не различены
RTS,2025-05-09,нет архива; праздник/пропуск не различены
RTS,2025-06-12,нет архива; праздник/пропуск не различены
RTS,2025-11-04,нет архива; праздник/пропуск не различены
RTS,2025-12-31,нет архива; праздник/пропуск не различены
RTS,2026-01-01,нет архива; праздник/пропуск не различены
RTS,2026-01-02,нет архива; праздник/пропуск не различены
RTS,2026-01-07,нет архива; праздник/пропуск не различены
MIX,2022-02-28,нет архива; праздник/пропуск не различены
MIX,2022-03-01,нет архива; праздник/пропуск не различены
MIX,2022-03-02,нет архива; праздник/пропуск не различены
MIX,2022-03-03,нет архива; праздник/пропуск не различены
MIX,2022-03-04,нет архива; праздник/пропуск не различены
MIX,2022-03-07,нет архива; праздник/пропуск не различены
MIX,2022-03-08,нет архива; праздник/пропуск не различены
MIX,2022-03-09,нет архива; праздник/пропуск не различены
MIX,2022-03-10,нет архива; праздник/пропуск не различены
MIX,2022-03-11,нет архива; праздник/пропуск не различены
MIX,2022-03-14,нет архива; праздник/пропуск не различены
MIX,2022-03-15,нет архива; праздник/пропуск не различены
MIX,2022-03-16,нет архива; праздник/пропуск не различены
MIX,2022-03-17,нет архива; праздник/пропуск не различены
MIX,2022-03-18,нет архива; праздник/пропуск не различены
MIX,2022-03-21,нет архива; праздник/пропуск не различены
MIX,2022-03-22,нет архива; праздник/пропуск не различены
MIX,2022-03-23,нет архива; праздник/пропуск не различены
MIX,2022-05-02,нет архива; праздник/пропуск не различены
MIX,2022-05-03,нет архива; праздник/пропуск не различены
MIX,2022-05-09,нет архива; праздник/пропуск не различены
MIX,2022-05-10,нет архива; праздник/пропуск не различены
MIX,2022-06-13,нет архива; праздник/пропуск не различены
MIX,2022-11-04,нет архива; праздник/пропуск не различены
MIX,2023-01-02,нет архива; праздник/пропуск не различены
MIX,2023-02-23,нет архива; праздник/пропуск не различены
MIX,2023-03-08,нет архива; праздник/пропуск не различены
MIX,2023-05-01,нет архива; праздник/пропуск не различены
MIX,2023-05-09,нет архива; праздник/пропуск не различены
MIX,2023-06-12,нет архива; праздник/пропуск не различены
MIX,2024-01-01,нет архива; праздник/пропуск не различены
MIX,2024-01-02,нет архива; праздник/пропуск не различены
MIX,2024-02-23,нет архива; праздник/пропуск не различены
MIX,2024-03-08,нет архива; праздник/пропуск не различены
MIX,2024-05-01,нет архива; праздник/пропуск не различены
MIX,2024-05-09,нет архива; праздник/пропуск не различены
MIX,2024-06-12,нет архива; праздник/пропуск не различены
MIX,2024-11-04,нет архива; праздник/пропуск не различены
MIX,2024-12-31,нет архива; праздник/пропуск не различены
MIX,2025-01-01,нет архива; праздник/пропуск не различены
MIX,2025-01-02,нет архива; праздник/пропуск не различены
MIX,2025-01-07,нет архива; праздник/пропуск не различены
MIX,2025-05-01,нет архива; праздник/пропуск не различены
MIX,2025-05-09,нет архива; праздник/пропуск не различены
MIX,2025-06-12,нет архива; праздник/пропуск не различены
MIX,2025-11-04,нет архива; праздник/пропуск не различены
MIX,2025-12-31,нет архива; праздник/пропуск не различены
MIX,2026-01-01,нет архива; праздник/пропуск не различены
MIX,2026-01-02,нет архива; праздник/пропуск не различены
MIX,2026-01-07,нет архива; праздник/пропуск не различены
