symbol,basis,bin,n,delta_st,delta_sma,delta_st_100,delta_sma_100,time5_st,time5_sma,time5_er,delta_bars
MIX,mean,≤0.75,312,3.95,5.486666666666666,4.254410504405929,6.160718220156063,4.090322580645161,9.464516129032258,0.07960282966055832,88.16666666666667
MIX,mean,0.75–1,312,6.381410256410256,7.983974358974359,4.512914660872133,5.650240728485812,4.285256410256411,9.698717948717949,0.07843728415777523,141.89102564102564
MIX,mean,1–1.25,232,8.349137931034482,9.883620689655173,4.541863027907483,5.45105377105486,4.017241379310345,8.75,0.09491214436398969,182.69827586206895
MIX,mean,1.25–1.5,121,10.190082644628099,11.768595041322314,4.478479399885049,5.240317303491107,3.8512396694214877,8.834710743801653,0.10693487112950793,224.78512396694214
MIX,mean,>1.5,173,15.531791907514451,16.398843930635838,4.687865533668416,5.005033679232556,4.092485549132948,8.023121387283236,0.11885388958798374,329.3815028901734
MIX,median,≤0.75,254,3.7644628099173554,5.289256198347108,4.26704787518602,6.215648797242914,4.130952380952381,9.535714285714286,0.07782542218591383,83.25590551181102
MIX,median,0.75–1,297,5.841750841750842,7.545454545454546,4.401194351904067,5.7128289388469495,4.296296296296297,9.75084175084175,0.07876426877637989,133.73400673400673
MIX,median,1–1.25,233,7.858369098712446,9.28755364806867,4.577558353938779,5.481889906923437,4.0042918454935625,8.914163090128755,0.09116648393863781,170.931330472103
MIX,median,1.25–1.5,149,9.328859060402685,11.073825503355705,4.47795376332762,5.379096779963536,3.9060402684563758,8.812080536912752,0.09948375508012791,206.04026845637583
MIX,median,>1.5,217,14.589861751152073,15.465437788018432,4.688456116060235,5.050789383183039,4.050691244239632,8.101382488479263,0.11797191321548124,308.53917050691246
RTS,mean,≤0.75,275,4.3106060606060606,5.7272727272727275,4.217857271456868,5.697278279922995,3.9084249084249083,9.465201465201465,0.07940156990062822,95.88363636363637
RTS,mean,0.75–1,388,6.396907216494846,8.033505154639176,4.486730844704861,5.6738518995470075,4.224226804123711,9.688144329896907,0.08201396178745021,143.50257731958763
RTS,mean,1–1.25,262,8.202290076335878,9.67557251908397,4.296793407027621,5.1496498545359035,4.019083969465649,8.736641221374045,0.10412560088685581,189.56870229007635
RTS,mean,1.25–1.5,134,10.082089552238806,11.432835820895523,4.547537283738688,5.183437974378512,4.104477611940299,8.791044776119403,0.11042528981972037,222.61194029850745
RTS,mean,>1.5,111,13.225225225225225,15.342342342342342,4.3947511527501595,5.0934268184089895,4.0,7.90990990990991,0.12865691972446308,302.94594594594594
RTS,median,≤0.75,222,4.203791469194313,5.720379146919432,4.2041220618505,5.788355416356907,3.9909090909090907,9.681818181818182,0.07638524456856233,93.74774774774775
RTS,median,0.75–1,383,6.154046997389034,7.733681462140992,4.509251853233641,5.7131846659446115,4.1122715404699735,9.629242819843341,0.08054277395339648,136.822454308094
RTS,median,1–1.25,269,7.95910780669145,9.356877323420074,4.305470806491493,5.1352142881169165,4.148698884758364,8.944237918215613,0.10269241117573842,183.04832713754647
RTS,median,1.25–1.5,156,9.102564102564102,10.685897435897436,4.331805099929874,5.123595316642227,4.012820512820513,8.685897435897436,0.10998209412388678,208.66666666666666
RTS,median,>1.5,140,12.735714285714286,14.614285714285714,4.494761976095543,5.175350695819307,3.9857142857142858,7.921428571428572,0.12444827567986998,286.8857142857143
