symbol,basis,period,variant,metric,n_high,n_low,high_mean,low_mean,high_median,low_median,difference,change_percent
MIX,mean,все,без_верхнего_1процента,delta_st,514,612,11.03307392996109,5.189542483660131,10.0,5.0,5.843531446300958,112.60205431789
MIX,mean,все,без_верхнего_1процента,delta_sma,514,612,12.32490272373541,6.759803921568627,11.0,6.0,5.565098802166782,82.32633470935632
MIX,mean,все,без_верхнего_1процента,time5_st,514,622,4.009727626459144,4.188102893890675,4.0,4.0,-0.1783752674315311,-4.259094677251913
MIX,mean,все,без_верхнего_1процента,time5_sma,514,622,8.480544747081712,9.581993569131832,8.0,9.0,-1.10144882205012,-11.494986028778099
MIX,mean,2026,без_верхнего_1процента,delta_st,83,100,10.012048192771084,5.37,10.0,5.0,4.642048192771084,86.44410042404253
MIX,mean,2026,без_верхнего_1процента,delta_sma,83,100,12.951807228915662,6.77,12.0,7.0,6.1818072289156625,91.31177590717375
MIX,mean,2026,без_верхнего_1процента,time5_st,83,100,3.2409638554216866,3.62,3.0,3.0,-0.37903614457831347,-10.470611728682691
MIX,mean,2026,без_верхнего_1процента,time5_sma,83,100,8.518072289156626,10.57,7.0,11.0,-2.0519277108433744,-19.41275033910477
MIX,mean,все,без_резких_границ,delta_st,516,604,11.234496124031008,5.220198675496689,10.0,5.0,6.014297448534319,115.21204119615378
MIX,mean,все,без_резких_границ,delta_sma,516,604,12.540697674418604,6.80794701986755,11.5,6.5,5.7327506545510545,84.20674599583748
MIX,mean,все,без_резких_границ,time5_st,516,613,4.02906976744186,4.192495921696574,4.0,4.0,-0.16342615425471418,-3.898063523663027
MIX,mean,все,без_резких_границ,time5_sma,516,613,8.585271317829458,9.613376835236542,8.0,9.0,-1.0281055174070843,-10.694530496700198
MIX,mean,2026,без_резких_границ,delta_st,89,96,10.831460674157304,5.5625,10.0,6.0,5.268960674157304,94.72288852417626
MIX,mean,2026,без_резких_границ,delta_sma,89,96,13.808988764044944,6.989583333333333,12.0,7.0,6.819405430711611,97.56526398633602
MIX,mean,2026,без_резких_границ,time5_st,89,96,3.3258426966292136,3.5833333333333335,3.0,3.0,-0.25749063670411987,-7.185785210347531
MIX,mean,2026,без_резких_границ,time5_sma,89,96,8.97752808988764,10.614583333333334,8.0,11.0,-1.637055243445694,-15.422699055033034
MIX,mean,все,без_календарных_праздников,delta_st,526,597,11.134980988593156,5.264656616415411,10.0,5.0,5.870324372177746,111.50441139644016
MIX,mean,все,без_календарных_праздников,delta_sma,526,597,12.460076045627376,6.849246231155779,11.0,7.0,5.610829814471598,81.91893859720088
MIX,mean,все,без_календарных_праздников,time5_st,526,607,4.003802281368821,4.1532125205930805,4.0,4.0,-0.14941023922425956,-3.5974619281684075
MIX,mean,все,без_календарных_праздников,time5_sma,526,607,8.53041825095057,9.57001647446458,8.0,9.0,-1.0395982235140107,-10.863076634067903
MIX,mean,2026,без_календарных_праздников,delta_st,94,94,10.574468085106384,5.638297872340425,10.0,6.0,4.936170212765958,87.54716981132077
MIX,mean,2026,без_календарных_праздников,delta_sma,94,94,13.5,7.085106382978723,12.0,7.0,6.414893617021277,90.54054054054055
MIX,mean,2026,без_календарных_праздников,time5_st,94,94,3.3085106382978724,3.595744680851064,3.0,3.0,-0.2872340425531914,-7.98816568047337
MIX,mean,2026,без_календарных_праздников,time5_sma,94,94,8.829787234042554,10.617021276595745,8.0,11.0,-1.787234042553191,-16.833667334669336
MIX,mean,все,без_предполагаемого_ролловера,delta_st,448,493,11.147321428571429,5.336713995943205,10.0,5.0,5.810607432628224,108.87987321496443
MIX,mean,все,без_предполагаемого_ролловера,delta_sma,448,493,12.392857142857142,6.926977687626775,12.0,7.0,5.465879455230367,78.90713239907969
MIX,mean,все,без_предполагаемого_ролловера,time5_st,448,503,3.997767857142857,4.1968190854870775,4.0,4.0,-0.1990512283442203,-4.742907051498949
MIX,mean,все,без_предполагаемого_ролловера,time5_sma,448,503,8.537946428571429,9.608349900596421,8.0,9.0,-1.0704034720249922,-11.140346501729177
MIX,mean,2026,без_предполагаемого_ролловера,delta_st,78,80,10.73076923076923,5.5125,10.0,6.0,5.21826923076923,94.66248037676607
MIX,mean,2026,без_предполагаемого_ролловера,delta_sma,78,80,13.243589743589743,6.75,12.0,7.0,6.493589743589743,96.20132953466285
MIX,mean,2026,без_предполагаемого_ролловера,time5_st,78,80,3.4358974358974357,3.6,4.0,3.0,-0.1641025641025644,-4.5584045584045665
MIX,mean,2026,без_предполагаемого_ролловера,time5_sma,78,80,9.025641025641026,10.3125,9.0,10.5,-1.2868589743589745,-12.47863247863248
MIX,median,все,без_верхнего_1процента,delta_st,587,539,10.56388415672913,4.909090909090909,10.0,5.0,5.654793247638222,115.19023282226007
MIX,median,все,без_верхнего_1процента,delta_sma,587,539,11.841567291311755,6.532467532467533,11.0,6.0,5.309099758844222,81.27250127852984
MIX,median,все,без_верхнего_1процента,time5_st,587,549,4.001703577512777,4.22040072859745,4.0,4.0,-0.21869715108467247,-5.181904874643297
MIX,median,все,без_верхнего_1процента,time5_sma,587,549,8.551959114139693,9.652094717668488,8.0,9.0,-1.1001356035287948,-11.397894816707083
MIX,median,2026,без_верхнего_1процента,delta_st,91,92,9.736263736263735,5.239130434782608,9.0,5.0,4.497133301481127,85.83739911540741
MIX,median,2026,без_верхнего_1процента,delta_sma,91,92,12.483516483516484,6.695652173913044,11.0,7.0,5.78786430960344,86.44212929927215
MIX,median,2026,без_верхнего_1процента,time5_st,91,92,3.1648351648351647,3.7282608695652173,3.0,3.0,-0.5634257047300526,-15.112292954858555
MIX,median,2026,без_верхнего_1процента,time5_sma,91,92,8.428571428571429,10.83695652173913,7.0,11.0,-2.408385093167702,-22.223814300042985
MIX,median,все,без_резких_границ,delta_st,588,532,10.753401360544217,4.93796992481203,10.0,5.0,5.815431435732187,117.76968114996282
MIX,median,все,без_резких_границ,delta_sma,588,532,12.04421768707483,6.580827067669173,11.0,6.0,5.463390619405658,83.01981746711826
MIX,median,все,без_резких_границ,time5_st,588,541,4.0187074829931975,4.2255083179297594,4.0,4.0,-0.20680083493656198,-4.894105498717412
MIX,median,все,без_резких_границ,time5_sma,588,541,8.649659863945578,9.680221811460259,8.0,9.0,-1.0305619475146806,-10.646057162601531
MIX,median,2026,без_резких_границ,delta_st,97,88,10.505154639175258,5.443181818181818,10.0,5.0,5.061972820993439,92.99657792221768
MIX,median,2026,без_резких_границ,delta_sma,97,88,13.29896907216495,6.931818181818182,12.0,7.0,6.3671508903467675,91.85398005746157
MIX,median,2026,без_резких_границ,time5_st,97,88,3.247422680412371,3.6931818181818183,3.0,3.0,-0.4457591377694472,-12.069785884218877
MIX,median,2026,без_резких_границ,time5_sma,97,88,8.855670103092784,10.897727272727273,8.0,11.0,-2.0420571696344894,-18.738376530535458
MIX,median,все,без_календарных_праздников,delta_st,598,525,10.668896321070234,4.9904761904761905,10.0,5.0,5.678420130594043,113.78513620465162
MIX,median,все,без_календарных_праздников,delta_sma,598,525,11.974916387959865,6.632380952380952,11.0,6.0,5.342535435578913,80.55230050772343
MIX,median,все,без_календарных_праздников,time5_st,598,535,3.9949832775919734,4.183177570093458,4.0,4.0,-0.188194292501485,-4.498835857385812
MIX,median,все,без_календарных_праздников,time5_sma,598,535,8.596989966555183,9.63551401869159,8.0,9.0,-1.038524052136406,-10.778086671056784
MIX,median,2026,без_календарных_праздников,delta_st,102,86,10.284313725490197,5.523255813953488,10.0,5.0,4.761057911536708,86.20020639834883
MIX,median,2026,без_календарных_праздников,delta_sma,102,86,13.03921568627451,7.034883720930233,12.0,7.0,6.004331965344277,85.3508345486955
MIX,median,2026,без_календарных_праздников,time5_st,102,86,3.235294117647059,3.7093023255813953,3.0,3.0,-0.4740082079343364,-12.778904665314398
MIX,median,2026,без_календарных_праздников,time5_sma,102,86,8.72549019607843,10.906976744186046,8.0,11.0,-2.1814865481076158,-20.00083615535767
MIX,median,все,без_предполагаемого_ролловера,delta_st,508,433,10.696850393700787,5.060046189376443,10.0,5.0,5.636804204324344,111.39827569477139
MIX,median,все,без_предполагаемого_ролловера,delta_sma,508,433,11.958661417322835,6.678983833718245,11.0,6.0,5.27967758360459,79.04911458163166
MIX,median,все,без_предполагаемого_ролловера,time5_st,508,443,3.9901574803149606,4.232505643340858,4.0,4.0,-0.242348163025897,-5.7258792650918595
MIX,median,все,без_предполагаемого_ролловера,time5_sma,508,443,8.622047244094489,9.656884875846501,8.0,9.0,-1.034837631752012,-10.7160605625559
MIX,median,2026,без_предполагаемого_ролловера,delta_st,85,73,10.447058823529412,5.342465753424658,10.0,5.0,5.104593070104754,95.5475113122172
MIX,median,2026,без_предполагаемого_ролловера,delta_sma,85,73,12.858823529411765,6.575342465753424,12.0,7.0,6.283481063658341,95.56127450980394
MIX,median,2026,без_предполагаемого_ролловера,time5_st,85,73,3.364705882352941,3.6986301369863015,3.0,4.0,-0.3339242546333603,-9.028322440087146
MIX,median,2026,без_предполагаемого_ролловера,time5_sma,85,73,8.976470588235294,10.493150684931507,9.0,11.0,-1.5166800966962128,-14.454000921517434
RTS,mean,все,без_верхнего_1процента,delta_st,495,652,9.674747474747475,5.552147239263804,9.0,5.0,4.122600235483671,74.25235783246832
RTS,mean,все,без_верхнего_1процента,delta_sma,495,652,11.187878787878788,7.0996932515337425,11.0,7.0,4.088185536345045,57.58256577439985
RTS,mean,все,без_верхнего_1процента,time5_st,495,661,4.014141414141414,4.093797276853253,4.0,4.0,-0.07965586271183867,-1.9457695954370051
RTS,mean,все,без_верхнего_1процента,time5_sma,495,661,8.547474747474748,9.59606656580938,8.0,9.0,-1.048591818334632,-10.927308716998136
RTS,mean,2026,без_верхнего_1процента,delta_st,88,106,9.931818181818182,5.245283018867925,9.0,5.0,4.686535162950257,89.34761281883584
RTS,mean,2026,без_верхнего_1процента,delta_sma,88,106,12.443181818181818,6.915094339622642,12.0,7.0,5.5280874785591765,79.94232915788167
RTS,mean,2026,без_верхнего_1процента,time5_st,88,106,3.6363636363636362,4.037735849056604,4.0,4.0,-0.40137221269296797,-9.940526762956681
RTS,mean,2026,без_верхнего_1процента,time5_sma,88,106,9.113636363636363,9.89622641509434,9.0,9.0,-0.7825900514579764,-7.907964294999571
RTS,mean,все,без_резких_границ,delta_st,500,641,9.836,5.577223088923557,10.0,6.0,4.258776911076444,76.36016783216785
RTS,mean,все,без_резких_границ,delta_sma,500,641,11.448,7.134165366614664,11.0,7.0,4.313834633385336,60.467264377870116
RTS,mean,все,без_резких_границ,time5_st,500,649,4.036,4.092449922958398,4.0,4.0,-0.056449922958398346,-1.3793674698795377
RTS,mean,все,без_резких_границ,time5_sma,500,649,8.63,9.610169491525424,8.0,10.0,-0.9801694915254231,-10.19929453262786
RTS,mean,2026,без_резких_границ,delta_st,85,100,9.964705882352941,5.39,9.0,5.0,4.574705882352942,84.87394957983194
RTS,mean,2026,без_резких_границ,delta_sma,85,100,12.611764705882353,7.13,12.0,7.0,5.481764705882353,76.88309545417044
RTS,mean,2026,без_резких_границ,time5_st,85,100,3.552941176470588,3.98,4.0,4.0,-0.42705882352941194,-10.73012119420633
RTS,mean,2026,без_резких_границ,time5_sma,85,100,9.270588235294118,9.91,9.0,9.0,-0.6394117647058817,-6.452187333056323
RTS,mean,все,без_календарных_праздников,delta_st,504,635,9.803571428571429,5.626771653543307,10.0,6.0,4.176799775028122,74.23083843109032
RTS,mean,все,без_календарных_праздников,delta_sma,504,635,11.376984126984127,7.1716535433070865,11.0,7.0,4.20533058367704,58.6382283846052
RTS,mean,все,без_календарных_праздников,time5_st,504,644,4.033730158730159,4.080745341614906,4.0,4.0,-0.047015182884747375,-1.1521224420767622
RTS,mean,все,без_календарных_праздников,time5_sma,504,644,8.573412698412698,9.599378881987578,8.0,9.0,-1.0259661835748801,-10.687839246558116
RTS,mean,2026,без_календарных_праздников,delta_st,88,100,9.931818181818182,5.43,9.0,5.0,4.501818181818182,82.90641218818016
RTS,mean,2026,без_календарных_праздников,delta_sma,88,100,12.443181818181818,7.16,12.0,7.0,5.283181818181818,73.78745556119858
RTS,mean,2026,без_календарных_праздников,time5_st,88,100,3.6363636363636362,3.96,4.0,4.0,-0.3236363636363637,-8.17263544536272
RTS,mean,2026,без_календарных_праздников,time5_sma,88,100,9.113636363636363,9.95,9.0,9.0,-0.836363636363636,-8.405664687071718
RTS,mean,все,без_предполагаемого_ролловера,delta_st,438,524,9.815068493150685,5.681297709923665,10.0,6.0,4.13377078322702,72.76103091739867
RTS,mean,все,без_предполагаемого_ролловера,delta_sma,438,524,11.4337899543379,7.318702290076335,11.0,7.0,4.115087664261565,56.22701267465606
RTS,mean,все,без_предполагаемого_ролловера,time5_st,438,533,4.059360730593608,4.024390243902439,4.0,4.0,0.034970486691168645,0.8689636086896452
RTS,mean,все,без_предполагаемого_ролловера,time5_sma,438,533,8.616438356164384,9.722326454033771,8.0,10.0,-1.1058880978693875,-11.374727058363248
RTS,mean,2026,без_предполагаемого_ролловера,delta_st,74,84,9.68918918918919,5.345238095238095,9.0,5.0,4.343951093951095,81.2676819358334
RTS,mean,2026,без_предполагаемого_ролловера,delta_sma,74,84,12.378378378378379,7.130952380952381,12.0,7.0,5.247425997425998,73.5866083111492
RTS,mean,2026,без_предполагаемого_ролловера,time5_st,74,84,3.675675675675676,3.892857142857143,4.0,4.0,-0.21718146718146691,-5.578973468881719
RTS,mean,2026,без_предполагаемого_ролловера,time5_sma,74,84,9.35135135135135,9.928571428571429,9.0,9.0,-0.577220077220078,-5.813727396461217
RTS,median,все,без_верхнего_1процента,delta_st,553,594,9.33996383363472,5.461279461279461,9.0,5.0,3.8786843723552584,71.02153258874918
RTS,median,все,без_верхнего_1процента,delta_sma,553,594,10.846292947558771,7.018518518518518,10.0,7.0,3.827774429040253,54.538210862314955
RTS,median,все,без_верхнего_1процента,time5_st,553,603,4.050632911392405,4.067993366500829,4.0,4.0,-0.017360455108423878,-0.4267572128161271
RTS,median,все,без_верхнего_1процента,time5_sma,553,603,8.600361663652803,9.648424543946932,8.0,10.0,-1.048062880294129,-10.862528649318662
RTS,median,2026,без_верхнего_1процента,delta_st,90,104,9.833333333333334,5.240384615384615,9.0,5.0,4.592948717948719,87.64525993883794
RTS,median,2026,без_верхнего_1процента,delta_sma,90,104,12.377777777777778,6.865384615384615,11.5,7.0,5.512393162393163,80.29256146903207
RTS,median,2026,без_верхнего_1процента,time5_st,90,104,3.7222222222222223,3.9711538461538463,4.0,4.0,-0.24893162393162394,-6.268496099004573
RTS,median,2026,без_верхнего_1процента,time5_sma,90,104,9.2,9.836538461538462,9.0,9.0,-0.6365384615384624,-6.471163245356802
RTS,median,все,без_резких_границ,delta_st,558,583,9.487455197132617,5.487135506003431,9.0,5.0,4.000319691129186,72.9036067498692
RTS,median,все,без_резких_границ,delta_sma,558,583,11.082437275985663,7.0548885077186965,11.0,7.0,4.027548768266967,57.08876566738734
RTS,median,все,без_резких_границ,time5_st,558,591,4.06989247311828,4.065989847715736,4.0,4.0,0.0039026254025440466,0.09598217282162012
RTS,median,все,без_резких_границ,time5_sma,558,591,8.67383512544803,9.66497461928934,8.0,10.0,-0.9911394938413114,-10.254962199933734
RTS,median,2026,без_резких_границ,delta_st,87,98,9.862068965517242,5.387755102040816,9.0,5.0,4.474313863476426,83.04597701149427
RTS,median,2026,без_резких_границ,delta_sma,87,98,12.540229885057471,7.081632653061225,12.0,7.0,5.458597231996246,77.08105601377986
RTS,median,2026,без_резких_границ,time5_st,87,98,3.6436781609195403,3.9081632653061225,4.0,4.0,-0.2644851043865821,-6.767503976471292
RTS,median,2026,без_резких_границ,time5_sma,87,98,9.35632183908046,9.846938775510203,9.0,9.0,-0.4906169364297437,-4.98243106426061
RTS,median,все,без_календарных_праздников,delta_st,562,577,9.46085409252669,5.540727902946274,9.0,5.0,3.920126189580416,70.75110451635597
RTS,median,все,без_календарных_праздников,delta_sma,562,577,11.02135231316726,7.095320623916811,10.0,7.0,3.9260316892504488,55.33268892763823
RTS,median,все,без_календарных_праздников,time5_st,562,586,4.067615658362989,4.052901023890785,4.0,4.0,0.014714634472204224,0.3630642442404916
RTS,median,все,без_календарных_праздников,time5_sma,562,586,8.622775800711743,9.65358361774744,8.0,9.5,-1.0308078170356971,-10.677980922448622
RTS,median,2026,без_календарных_праздников,delta_st,90,98,9.833333333333334,5.428571428571429,9.0,5.0,4.404761904761905,81.14035087719299
RTS,median,2026,без_календарных_праздников,delta_sma,90,98,12.377777777777778,7.112244897959184,11.5,7.0,5.265532879818594,74.034752112227
RTS,median,2026,без_календарных_праздников,time5_st,90,98,3.7222222222222223,3.8877551020408165,4.0,4.0,-0.16553287981859421,-4.257801108194811
RTS,median,2026,без_календарных_праздников,time5_sma,90,98,9.2,9.887755102040817,9.0,9.0,-0.6877551020408177,-6.955624355005173
RTS,median,все,без_предполагаемого_ролловера,delta_st,486,476,9.48559670781893,5.600840336134453,9.0,6.0,3.8847563716844764,69.36024129489164
RTS,median,все,без_предполагаемого_ролловера,delta_sma,486,476,11.067901234567902,7.277310924369748,11.0,7.0,3.790590310198154,52.08778832720327
RTS,median,все,без_предполагаемого_ролловера,time5_st,486,485,4.07201646090535,4.008247422680412,4.0,4.0,0.06376903822493762,1.5909456553032277
RTS,median,все,без_предполагаемого_ролловера,time5_sma,486,485,8.687242798353909,9.760824742268042,8.0,10.0,-1.0735819439141334,-10.998885568195071
RTS,median,2026,без_предполагаемого_ролловера,delta_st,77,81,9.597402597402597,5.271604938271605,9.0,5.0,4.325797659130992,82.05845676571671
RTS,median,2026,без_предполагаемого_ролловера,delta_sma,77,81,12.25974025974026,7.049382716049383,12.0,7.0,5.210357543690877,73.9122523710965
RTS,median,2026,без_предполагаемого_ролловера,time5_st,77,81,3.7662337662337664,3.814814814814815,4.0,4.0,-0.0485810485810485,-1.2734837977556404
RTS,median,2026,без_предполагаемого_ролловера,time5_sma,77,81,9.467532467532468,9.839506172839506,9.0,9.0,-0.3719737053070382,-3.780410304877051
