symbol,basis,group,label,metric,n_high,n_low,high_mean,low_mean,high_median,low_median,difference,change_percent
MIX,mean,год,2022,delta_st,101,103,9.108910891089108,4.456310679611651,8.0,4.0,4.652600211477457,104.40475420091026
MIX,mean,год,2022,delta_sma,101,103,10.504950495049505,6.067961165048544,10.0,6.0,4.43698933000096,73.12158415841581
MIX,mean,год,2022,time5_st,101,113,3.742574257425743,3.9026548672566372,4.0,4.0,-0.16008060983089445,-4.101838755304097
MIX,mean,год,2022,time5_sma,101,113,7.544554455445544,8.398230088495575,7.0,8.0,-0.853675633050031,-10.16494694780332
MIX,mean,год,2022,time5_er,101,113,0.11022733444394732,0.08936227814286078,0.1088929219600726,0.07216494845360824,0.020865056301086538,23.348841071095123
MIX,mean,год,2023,delta_st,120,134,11.766666666666667,5.425373134328358,11.0,5.0,6.34129353233831,116.88216414488771
MIX,mean,год,2023,delta_sma,120,134,12.125,6.776119402985074,11.0,6.0,5.348880597014926,78.93722466960354
MIX,mean,год,2023,time5_st,120,134,4.475,4.664179104477612,4.0,4.5,-0.18917910447761255,-4.0560000000000125
MIX,mean,год,2023,time5_sma,120,134,8.633333333333333,9.208955223880597,8.0,9.0,-0.5756218905472643,-6.250675310642903
MIX,mean,год,2023,time5_er,120,134,0.10278208030636513,0.0762627898439427,0.0960970204383157,0.05817167763488035,0.02651929046242242,34.773564561025246
MIX,mean,год,2024,delta_st,120,126,12.741666666666667,5.484126984126984,11.5,5.0,7.257539682539683,132.3371924746744
MIX,mean,год,2024,delta_sma,120,126,12.958333333333334,6.976190476190476,12.0,7.0,5.982142857142858,85.75085324232083
MIX,mean,год,2024,time5_st,120,126,4.475,4.7936507936507935,4.0,5.0,-0.31865079365079385,-6.647350993377488
MIX,mean,год,2024,time5_sma,120,126,8.866666666666667,9.698412698412698,9.0,10.0,-0.8317460317460306,-8.5761047463175
MIX,mean,год,2024,time5_er,120,126,0.09832318915991364,0.07910859853137307,0.09167477144524411,0.07669781211763398,0.01921459062854057,24.28887754966409
MIX,mean,год,2025,delta_st,91,149,11.010989010989011,5.114093959731544,11.0,5.0,5.896895051257467,115.30674050359092
MIX,mean,год,2025,delta_sma,91,149,13.340659340659341,7.033557046979865,13.0,7.0,6.307102293679476,89.67158795403073
MIX,mean,год,2025,time5_st,91,149,3.769230769230769,3.8456375838926173,4.0,4.0,-0.07640681466184818,-1.9868438716606245
MIX,mean,год,2025,time5_sma,91,149,8.736263736263735,10.053691275167786,8.0,10.0,-1.3174275389040506,-13.103918778151103
MIX,mean,год,2025,time5_er,91,149,0.1071703730126976,0.07666808875845163,0.09266409266409266,0.06490649064906491,0.030502284254245976,39.78485018759974
MIX,mean,год,2026,delta_st,94,100,10.574468085106384,5.37,10.0,5.0,5.204468085106384,96.91746899639448
MIX,mean,год,2026,delta_sma,94,100,13.5,6.77,12.0,7.0,6.73,99.40915805022158
MIX,mean,год,2026,time5_st,94,100,3.3085106382978724,3.62,3.0,3.0,-0.3114893617021277,-8.604678500058776
MIX,mean,год,2026,time5_sma,94,100,8.829787234042554,10.57,8.0,11.0,-1.7402127659574465,-16.463696934318317
MIX,mean,год,2026,time5_er,94,100,0.11172726317967704,0.07440929942805063,0.10413981770799569,0.06457597134653008,0.03731796375162641,50.152284779553206
MIX,mean,границы,"(np.float64(6.0), np.float64(23.0))",delta_st,22,37,11.681818181818182,5.837837837837838,11.5,6.0,5.843980343980344,100.10521885521885
MIX,mean,границы,"(np.float64(6.0), np.float64(23.0))",delta_sma,22,37,15.136363636363637,7.864864864864865,15.5,8.0,7.271498771498772,92.45548266166823
MIX,mean,границы,"(np.float64(6.0), np.float64(23.0))",time5_st,22,37,3.590909090909091,3.72972972972973,4.0,3.0,-0.138820638820639,-3.722002635046118
MIX,mean,границы,"(np.float64(6.0), np.float64(23.0))",time5_sma,22,37,11.272727272727273,11.35135135135135,11.0,12.0,-0.0786240786240775,-0.6926406926406827
MIX,mean,границы,"(np.float64(7.0), np.float64(23.0))",delta_st,7,12,11.714285714285714,4.0,8.0,4.0,7.7142857142857135,192.85714285714283
MIX,mean,границы,"(np.float64(7.0), np.float64(23.0))",delta_sma,7,12,13.857142857142858,5.083333333333333,10.0,4.0,8.773809523809526,172.5995316159251
MIX,mean,границы,"(np.float64(7.0), np.float64(23.0))",time5_st,7,12,5.714285714285714,4.833333333333333,6.0,4.5,0.8809523809523814,18.226600985221683
MIX,mean,границы,"(np.float64(7.0), np.float64(23.0))",time5_sma,7,12,10.0,11.083333333333334,10.0,10.0,-1.083333333333334,-9.774436090225569
MIX,mean,границы,"(np.float64(8.0), np.float64(18.0))",delta_st,1,0,8.0,,8.0,,,
MIX,mean,границы,"(np.float64(8.0), np.float64(18.0))",delta_sma,1,0,14.0,,14.0,,,
MIX,mean,границы,"(np.float64(8.0), np.float64(18.0))",time5_st,1,0,3.0,,3.0,,,
MIX,mean,границы,"(np.float64(8.0), np.float64(18.0))",time5_sma,1,0,9.0,,9.0,,,
MIX,mean,границы,"(np.float64(8.0), np.float64(23.0))",delta_st,238,286,11.873949579831933,5.346153846153846,11.0,5.0,6.527795733678087,122.10265401124481
MIX,mean,границы,"(np.float64(8.0), np.float64(23.0))",delta_sma,238,286,13.352941176470589,6.937062937062937,12.0,7.0,6.415878239407652,92.48695445920306
MIX,mean,границы,"(np.float64(8.0), np.float64(23.0))",time5_st,238,286,3.9831932773109244,4.181818181818182,4.0,4.0,-0.19862490450725723,-4.749725977347456
MIX,mean,границы,"(np.float64(8.0), np.float64(23.0))",time5_sma,238,286,8.714285714285714,10.23076923076923,8.0,10.0,-1.5164835164835164,-14.82277121374866
MIX,mean,границы,"(np.float64(9.0), np.float64(18.0))",delta_st,0,2,,2.0,,2.0,,
MIX,mean,границы,"(np.float64(9.0), np.float64(18.0))",delta_sma,0,2,,1.5,,1.5,,
MIX,mean,границы,"(np.float64(9.0), np.float64(18.0))",time5_st,0,2,,3.5,,3.5,,
MIX,mean,границы,"(np.float64(9.0), np.float64(18.0))",time5_sma,0,2,,4.5,,4.5,,
MIX,mean,границы,"(np.float64(9.0), np.float64(23.0))",delta_st,198,225,11.434343434343434,5.306666666666667,11.0,5.0,6.127676767676768,115.47129587330593
MIX,mean,границы,"(np.float64(9.0), np.float64(23.0))",delta_sma,198,225,12.242424242424242,6.782222222222222,11.5,7.0,5.46020202020202,80.50756582866676
MIX,mean,границы,"(np.float64(9.0), np.float64(23.0))",time5_st,198,225,4.267676767676767,4.657777777777778,4.0,5.0,-0.3901010101010103,-8.375260235947263
MIX,mean,границы,"(np.float64(9.0), np.float64(23.0))",time5_sma,198,225,8.6010101010101,9.408888888888889,8.5,9.0,-0.8078787878787885,-8.586335723794399
MIX,mean,границы,"(np.float64(10.0), np.float64(13.0))",delta_st,0,0,,,,,,
MIX,mean,границы,"(np.float64(10.0), np.float64(13.0))",delta_sma,0,0,,,,,,
MIX,mean,границы,"(np.float64(10.0), np.float64(13.0))",time5_st,0,1,,2.0,,2.0,,
MIX,mean,границы,"(np.float64(10.0), np.float64(13.0))",time5_sma,0,1,,2.0,,2.0,,
MIX,mean,границы,"(np.float64(10.0), np.float64(18.0))",delta_st,32,29,6.15625,2.9655172413793105,5.5,3.0,3.1907327586206895,107.59447674418604
MIX,mean,границы,"(np.float64(10.0), np.float64(18.0))",delta_sma,32,29,8.09375,4.275862068965517,7.0,4.0,3.817887931034483,89.28931451612905
MIX,mean,границы,"(np.float64(10.0), np.float64(18.0))",time5_st,32,38,2.34375,2.0526315789473686,2.0,2.0,0.2911184210526314,14.1826923076923
MIX,mean,границы,"(np.float64(10.0), np.float64(18.0))",time5_sma,32,38,4.75,5.0,4.0,4.5,-0.25,-5.0
MIX,mean,границы,"(np.float64(10.0), np.float64(23.0))",delta_st,28,20,7.964285714285714,4.75,7.0,4.5,3.2142857142857144,67.66917293233082
MIX,mean,границы,"(np.float64(10.0), np.float64(23.0))",delta_sma,28,20,8.892857142857142,7.15,7.0,6.5,1.742857142857142,24.375624375624362
MIX,mean,границы,"(np.float64(10.0), np.float64(23.0))",time5_st,28,20,4.142857142857143,3.7,4.0,3.5,0.44285714285714306,11.969111969111975
MIX,mean,границы,"(np.float64(10.0), np.float64(23.0))",time5_sma,28,20,8.25,7.9,7.0,7.5,0.34999999999999964,4.430379746835438
MIX,mean,границы,"(np.float64(13.0), np.float64(23.0))",delta_st,0,1,,4.0,,4.0,,
MIX,mean,границы,"(np.float64(13.0), np.float64(23.0))",delta_sma,0,1,,5.0,,5.0,,
MIX,mean,границы,"(np.float64(13.0), np.float64(23.0))",time5_st,0,1,,4.0,,4.0,,
MIX,mean,границы,"(np.float64(13.0), np.float64(23.0))",time5_sma,0,1,,5.0,,5.0,,
MIX,median,год,2022,delta_st,103,101,8.922330097087379,4.554455445544554,8.0,4.0,4.367874651542825,95.90333474039682
MIX,median,год,2022,delta_sma,103,101,10.349514563106796,6.138613861386139,9.0,6.0,4.210900701720657,68.59693078609457
MIX,median,год,2022,time5_st,103,111,3.6990291262135924,3.945945945945946,4.0,4.0,-0.2469168197323537,-6.2574810480117025
MIX,median,год,2022,time5_sma,103,111,7.339805825242719,8.603603603603604,7.0,8.0,-1.2637977783608854,-14.689167895084635
MIX,median,год,2022,time5_er,103,111,0.11152718381793242,0.08778016464626044,0.1088929219600726,0.07216494845360824,0.023747019171671976,27.05283051970629
MIX,median,год,2023,delta_st,137,117,11.211678832116789,5.153846153846154,11.0,5.0,6.057832678270635,117.54003704107201
MIX,median,год,2023,delta_sma,137,117,11.598540145985401,6.615384615384615,11.0,6.0,4.983155530600786,75.32676964861655
MIX,median,год,2023,time5_st,137,117,4.4963503649635035,4.666666666666667,4.0,5.0,-0.17031630170316348,-3.64963503649636
MIX,median,год,2023,time5_sma,137,117,8.459854014598541,9.495726495726496,8.0,9.0,-1.0358724811279547,-10.90882810908827
MIX,median,год,2023,time5_er,137,117,0.09963824002533199,0.07609080848189446,0.08869987849331713,0.05763688760806916,0.023547431543437525,30.946486196214554
MIX,median,год,2024,delta_st,139,107,12.143884892086332,4.97196261682243,11.0,5.0,7.171922275263902,144.2473089197815
MIX,median,год,2024,delta_sma,139,107,12.323741007194245,6.738317757009346,11.0,6.0,5.585423250184899,82.89046987098254
MIX,median,год,2024,time5_st,139,107,4.517985611510792,4.794392523364486,5.0,5.0,-0.2764069118536945,-5.765212391490314
MIX,median,год,2024,time5_sma,139,107,9.043165467625899,9.616822429906541,9.0,10.0,-0.5736569622806424,-5.965140424103862
MIX,median,год,2024,time5_er,139,107,0.0959505191336109,0.07877891546327785,0.08705114254624592,0.07798617966436328,0.017171603670333047,21.797207500701695
MIX,median,год,2025,delta_st,118,122,10.127118644067796,4.663934426229508,9.0,5.0,5.463184217838288,117.13681451252567
MIX,median,год,2025,delta_sma,118,122,12.474576271186441,6.475409836065574,11.0,6.0,5.999166435120867,92.64535507401845
MIX,median,год,2025,time5_st,118,122,3.7203389830508473,3.9098360655737703,4.0,4.0,-0.18949708252292297,-4.846675905198449
MIX,median,год,2025,time5_sma,118,122,9.203389830508474,9.89344262295082,9.0,9.0,-0.6900527924423461,-6.974850097594549
MIX,median,год,2025,time5_er,118,122,0.10180423764952541,0.07510777972558012,0.09192075430672372,0.06418015295505455,0.026696457923945288,35.54419797987057
MIX,median,год,2026,delta_st,102,92,10.284313725490197,5.239130434782608,10.0,5.0,5.045183290707588,96.29810430396228
MIX,median,год,2026,delta_sma,102,92,13.03921568627451,6.695652173913044,12.0,7.0,6.343563512361466,94.74153297682707
MIX,median,год,2026,time5_st,102,92,3.235294117647059,3.7282608695652173,3.0,3.0,-0.4929667519181584,-13.222431829874804
MIX,median,год,2026,time5_sma,102,92,8.72549019607843,10.83695652173913,8.0,11.0,-2.1114663256607002,-19.483942022144877
MIX,median,год,2026,time5_er,102,92,0.10957857268105549,0.07354650291551135,0.10413981770799569,0.0641957619097697,0.03603206976554414,48.99222714496298
MIX,median,границы,"(np.float64(6.0), np.float64(23.0))",delta_st,24,35,11.5,5.628571428571429,10.5,6.0,5.871428571428571,104.31472081218273
MIX,median,границы,"(np.float64(6.0), np.float64(23.0))",delta_sma,24,35,15.25,7.371428571428571,15.5,8.0,7.878571428571429,106.87984496124032
MIX,median,границы,"(np.float64(6.0), np.float64(23.0))",time5_st,24,35,3.5,3.8,3.5,3.0,-0.2999999999999998,-7.894736842105259
MIX,median,границы,"(np.float64(6.0), np.float64(23.0))",time5_sma,24,35,11.375,11.285714285714286,11.5,11.0,0.08928571428571352,0.7911392405063223
MIX,median,границы,"(np.float64(7.0), np.float64(23.0))",delta_st,8,11,11.125,3.727272727272727,8.0,4.0,7.397727272727273,198.47560975609758
MIX,median,границы,"(np.float64(7.0), np.float64(23.0))",delta_sma,8,11,13.25,4.7272727272727275,9.5,4.0,8.522727272727273,180.28846153846155
MIX,median,границы,"(np.float64(7.0), np.float64(23.0))",time5_st,8,11,5.625,4.818181818181818,5.5,4.0,0.8068181818181817,16.74528301886792
MIX,median,границы,"(np.float64(7.0), np.float64(23.0))",time5_sma,8,11,9.625,11.454545454545455,8.5,11.0,-1.829545454545455,-15.972222222222225
MIX,median,границы,"(np.float64(8.0), np.float64(18.0))",delta_st,1,0,8.0,,8.0,,,
MIX,median,границы,"(np.float64(8.0), np.float64(18.0))",delta_sma,1,0,14.0,,14.0,,,
MIX,median,границы,"(np.float64(8.0), np.float64(18.0))",time5_st,1,0,3.0,,3.0,,,
MIX,median,границы,"(np.float64(8.0), np.float64(18.0))",time5_sma,1,0,9.0,,9.0,,,
MIX,median,границы,"(np.float64(8.0), np.float64(23.0))",delta_st,287,237,11.170731707317072,4.848101265822785,10.0,5.0,6.3226304414942875,130.41457046424247
MIX,median,границы,"(np.float64(8.0), np.float64(23.0))",delta_sma,287,237,12.606271777003485,6.514767932489452,11.0,6.0,6.091503844514033,93.50300590348613
MIX,median,границы,"(np.float64(8.0), np.float64(23.0))",time5_st,287,237,4.003484320557491,4.198312236286919,4.0,4.0,-0.19482791572942837,-4.64062472641955
MIX,median,границы,"(np.float64(8.0), np.float64(23.0))",time5_sma,287,237,8.97212543554007,10.232067510548523,9.0,10.0,-1.2599420750084533,-12.313660691835194
MIX,median,границы,"(np.float64(9.0), np.float64(18.0))",delta_st,0,2,,2.0,,2.0,,
MIX,median,границы,"(np.float64(9.0), np.float64(18.0))",delta_sma,0,2,,1.5,,1.5,,
MIX,median,границы,"(np.float64(9.0), np.float64(18.0))",time5_st,0,2,,3.5,,3.5,,
MIX,median,границы,"(np.float64(9.0), np.float64(18.0))",time5_sma,0,2,,4.5,,4.5,,
MIX,median,границы,"(np.float64(9.0), np.float64(23.0))",delta_st,216,207,11.027777777777779,5.1980676328502415,10.0,5.0,5.829710144927537,112.15148698884761
MIX,median,границы,"(np.float64(9.0), np.float64(23.0))",delta_sma,216,207,11.777777777777779,6.792270531400966,11.0,7.0,4.985507246376812,73.39971550497867
MIX,median,границы,"(np.float64(9.0), np.float64(23.0))",time5_st,216,207,4.236111111111111,4.72463768115942,4.0,5.0,-0.48852657004830924,-10.339979550102251
MIX,median,границы,"(np.float64(9.0), np.float64(23.0))",time5_sma,216,207,8.49074074074074,9.594202898550725,8.0,9.0,-1.1034621578099841,-11.50134273246056
MIX,median,границы,"(np.float64(10.0), np.float64(13.0))",delta_st,0,0,,,,,,
MIX,median,границы,"(np.float64(10.0), np.float64(13.0))",delta_sma,0,0,,,,,,
MIX,median,границы,"(np.float64(10.0), np.float64(13.0))",time5_st,0,1,,2.0,,2.0,,
MIX,median,границы,"(np.float64(10.0), np.float64(13.0))",time5_sma,0,1,,2.0,,2.0,,
MIX,median,границы,"(np.float64(10.0), np.float64(18.0))",delta_st,34,27,5.676470588235294,3.3333333333333335,5.0,4.0,2.343137254901961,70.29411764705883
MIX,median,границы,"(np.float64(10.0), np.float64(18.0))",delta_sma,34,27,7.5588235294117645,4.666666666666667,6.5,4.0,2.8921568627450975,61.974789915966376
MIX,median,границы,"(np.float64(10.0), np.float64(18.0))",time5_st,34,36,2.264705882352941,2.111111111111111,2.0,2.0,0.15359477124182996,7.27554179566563
MIX,median,границы,"(np.float64(10.0), np.float64(18.0))",time5_sma,34,36,4.617647058823529,5.138888888888889,4.0,5.0,-0.5212418300653603,-10.143084260731335
MIX,median,границы,"(np.float64(10.0), np.float64(23.0))",delta_st,28,20,8.178571428571429,4.45,7.0,4.0,3.7285714285714286,83.78812199036919
MIX,median,границы,"(np.float64(10.0), np.float64(23.0))",delta_sma,28,20,9.285714285714286,6.6,7.0,6.5,2.685714285714287,40.69264069264071
MIX,median,границы,"(np.float64(10.0), np.float64(23.0))",time5_st,28,20,4.178571428571429,3.65,4.0,3.5,0.5285714285714289,14.481409001956957
MIX,median,границы,"(np.float64(10.0), np.float64(23.0))",time5_sma,28,20,7.785714285714286,8.55,7.0,7.5,-0.7642857142857151,-8.939014202172107
MIX,median,границы,"(np.float64(13.0), np.float64(23.0))",delta_st,1,0,4.0,,4.0,,,
MIX,median,границы,"(np.float64(13.0), np.float64(23.0))",delta_sma,1,0,5.0,,5.0,,,
MIX,median,границы,"(np.float64(13.0), np.float64(23.0))",time5_st,1,0,4.0,,4.0,,,
MIX,median,границы,"(np.float64(13.0), np.float64(23.0))",time5_sma,1,0,5.0,,5.0,,,
RTS,mean,год,2022,delta_st,94,131,8.457446808510639,4.923664122137405,8.0,5.0,3.5337826863732342,71.77140029688273
RTS,mean,год,2022,delta_sma,94,131,11.212765957446809,6.564885496183206,10.5,7.0,4.647880461263603,70.79910935180605
RTS,mean,год,2022,time5_st,94,140,3.5531914893617023,3.4857142857142858,4.0,4.0,0.0674772036474165,1.9358214161144076
RTS,mean,год,2022,time5_sma,94,140,7.042553191489362,8.278571428571428,7.0,9.0,-1.2360182370820665,-14.93033245828208
RTS,mean,год,2022,time5_er,94,140,0.11732955360792545,0.08828998091505709,0.10483286193146803,0.06548046515007247,0.02903957269286836,32.89113033199887
RTS,mean,год,2023,delta_st,106,148,9.877358490566039,5.858108108108108,10.0,6.0,4.019250382457931,68.61004113076976
RTS,mean,год,2023,delta_sma,106,148,10.981132075471699,7.236486486486487,11.0,7.0,3.744645588985212,51.74673643042123
RTS,mean,год,2023,time5_st,106,148,4.10377358490566,4.236486486486487,4.0,4.0,-0.1327129015808266,-3.1326171346032434
RTS,mean,год,2023,time5_sma,106,148,8.735849056603774,9.777027027027026,8.0,10.0,-1.0411779704232522,-10.649228723057453
RTS,mean,год,2023,time5_er,106,148,0.11033165072837214,0.08393342959071161,0.09679482928231146,0.0700188560653677,0.026398221137660535,31.451379106498305
RTS,mean,год,2024,delta_st,127,119,10.283464566929133,5.7478991596638656,10.0,6.0,4.535565407265268,78.90822857669107
RTS,mean,год,2024,delta_sma,127,119,10.905511811023622,6.907563025210084,11.0,6.0,3.997948785813538,57.87784738586508
RTS,mean,год,2024,time5_st,127,119,4.433070866141732,4.2100840336134455,4.0,4.0,0.22298683252828688,5.296493626919389
RTS,mean,год,2024,time5_sma,127,119,8.905511811023622,9.596638655462185,8.0,9.0,-0.6911268444385623,-7.2017595874070865
RTS,mean,год,2024,time5_er,127,119,0.10225918268291177,0.07565338373496294,0.09514563106796116,0.0675990675990676,0.02660579894794883,35.168022412794016
RTS,mean,год,2025,delta_st,92,148,10.282608695652174,5.864864864864865,10.0,6.0,4.417743830787309,75.32558605489882
RTS,mean,год,2025,delta_sma,92,148,11.652173913043478,7.722972972972973,11.0,7.5,3.9292009400705057,50.8767925748412
RTS,mean,год,2025,time5_st,92,148,4.293478260869565,4.472972972972973,4.0,4.0,-0.1794947121034074,-4.012872717719682
RTS,mean,год,2025,time5_sma,92,148,8.956521739130435,10.445945945945946,9.0,10.5,-1.4894242068155101,-14.258394735361936
RTS,mean,год,2025,time5_er,92,148,0.11193182533470154,0.07680067687332708,0.09954683063500122,0.06770072264143409,0.03513114846137447,45.743279736087246
RTS,mean,год,2026,delta_st,88,106,9.931818181818182,5.245283018867925,9.0,5.0,4.686535162950257,89.34761281883584
RTS,mean,год,2026,delta_sma,88,106,12.443181818181818,6.915094339622642,12.0,7.0,5.5280874785591765,79.94232915788167
RTS,mean,год,2026,time5_st,88,106,3.6363636363636362,4.037735849056604,4.0,4.0,-0.40137221269296797,-9.940526762956681
RTS,mean,год,2026,time5_sma,88,106,9.113636363636363,9.89622641509434,9.0,9.0,-0.7825900514579764,-7.907964294999571
RTS,mean,год,2026,time5_er,88,106,0.11761405920158392,0.07873630195430065,0.10259503067172708,0.06690840990401152,0.038877757247283276,49.37716946605941
RTS,mean,границы,"(np.float64(6.0), np.float64(23.0))",delta_st,17,21,10.294117647058824,6.476190476190476,9.0,7.0,3.817927170868348,58.95328719723184
RTS,mean,границы,"(np.float64(6.0), np.float64(23.0))",delta_sma,17,21,13.529411764705882,7.714285714285714,15.0,7.0,5.815126050420168,75.38126361655772
RTS,mean,границы,"(np.float64(6.0), np.float64(23.0))",time5_st,17,21,3.764705882352941,4.428571428571429,4.0,4.0,-0.6638655462184877,-14.990512333965851
RTS,mean,границы,"(np.float64(6.0), np.float64(23.0))",time5_sma,17,21,11.470588235294118,13.0,11.0,14.0,-1.5294117647058822,-11.76470588235294
RTS,mean,границы,"(np.float64(7.0), np.float64(23.0))",delta_st,28,32,12.678571428571429,4.90625,11.0,5.0,7.772321428571429,158.41674249317563
RTS,mean,границы,"(np.float64(7.0), np.float64(23.0))",delta_sma,28,32,17.178571428571427,7.25,16.5,8.0,9.928571428571427,136.94581280788174
RTS,mean,границы,"(np.float64(7.0), np.float64(23.0))",time5_st,28,32,4.571428571428571,4.15625,5.0,4.0,0.4151785714285712,9.989258861439307
RTS,mean,границы,"(np.float64(7.0), np.float64(23.0))",time5_sma,28,32,10.0,10.875,9.0,10.0,-0.875,-8.045977011494253
RTS,mean,границы,"(np.float64(8.0), np.float64(18.0))",delta_st,1,0,10.0,,10.0,,,
RTS,mean,границы,"(np.float64(8.0), np.float64(18.0))",delta_sma,1,0,10.0,,10.0,,,
RTS,mean,границы,"(np.float64(8.0), np.float64(18.0))",time5_st,1,0,6.0,,6.0,,,
RTS,mean,границы,"(np.float64(8.0), np.float64(18.0))",time5_sma,1,0,5.0,,5.0,,,
RTS,mean,границы,"(np.float64(8.0), np.float64(23.0))",delta_st,267,344,10.307116104868914,5.816860465116279,10.0,6.0,4.490255639752635,77.19380010369348
RTS,mean,границы,"(np.float64(8.0), np.float64(23.0))",delta_sma,267,344,11.606741573033707,7.47093023255814,11.0,7.0,4.135811340475567,55.35871988807762
RTS,mean,границы,"(np.float64(8.0), np.float64(23.0))",time5_st,267,344,4.269662921348314,4.308139534883721,4.0,4.0,-0.038476613535406656,-0.8931143762604514
RTS,mean,границы,"(np.float64(8.0), np.float64(23.0))",time5_sma,267,344,9.00749063670412,10.037790697674419,9.0,10.0,-1.0303000609702995,-10.264211438568868
RTS,mean,границы,"(np.float64(9.0), np.float64(18.0))",delta_st,0,2,,0.5,,0.5,,
RTS,mean,границы,"(np.float64(9.0), np.float64(18.0))",delta_sma,0,2,,2.0,,2.0,,
RTS,mean,границы,"(np.float64(9.0), np.float64(18.0))",time5_st,0,2,,2.5,,2.5,,
RTS,mean,границы,"(np.float64(9.0), np.float64(18.0))",time5_sma,0,2,,5.5,,5.5,,
RTS,mean,границы,"(np.float64(9.0), np.float64(23.0))",delta_st,145,191,9.76551724137931,5.62303664921466,10.0,6.0,4.142480592164651,73.66981313812367
RTS,mean,границы,"(np.float64(9.0), np.float64(23.0))",delta_sma,145,191,11.082758620689654,6.952879581151833,11.0,7.0,4.129879039537822,59.398109680099694
RTS,mean,границы,"(np.float64(9.0), np.float64(23.0))",time5_st,145,191,4.055172413793104,4.167539267015707,4.0,4.0,-0.11236685322260342,-2.6962398197885995
RTS,mean,границы,"(np.float64(9.0), np.float64(23.0))",time5_sma,145,191,8.296551724137931,9.44502617801047,8.0,9.0,-1.1484744538725398,-12.159568774371126
RTS,mean,границы,"(np.float64(10.0), np.float64(13.0))",delta_st,0,0,,,,,,
RTS,mean,границы,"(np.float64(10.0), np.float64(13.0))",delta_sma,0,0,,,,,,
RTS,mean,границы,"(np.float64(10.0), np.float64(13.0))",time5_st,0,1,,0.0,,0.0,,
RTS,mean,границы,"(np.float64(10.0), np.float64(13.0))",time5_sma,0,1,,4.0,,4.0,,
RTS,mean,границы,"(np.float64(10.0), np.float64(18.0))",delta_st,31,31,4.67741935483871,2.806451612903226,4.0,3.0,1.870967741935484,66.66666666666667
RTS,mean,границы,"(np.float64(10.0), np.float64(18.0))",delta_sma,31,31,6.096774193548387,3.870967741935484,6.0,4.0,2.225806451612903,57.49999999999999
RTS,mean,границы,"(np.float64(10.0), np.float64(18.0))",time5_st,31,39,1.903225806451613,2.051282051282051,2.0,2.0,-0.1480562448304381,-7.217741935483859
RTS,mean,границы,"(np.float64(10.0), np.float64(18.0))",time5_sma,31,39,4.451612903225806,4.6923076923076925,5.0,4.0,-0.24069478908188646,-5.129561078794302
RTS,mean,границы,"(np.float64(10.0), np.float64(23.0))",delta_st,17,31,6.411764705882353,5.290322580645161,6.0,5.0,1.1214421252371922,21.197991391678634
RTS,mean,границы,"(np.float64(10.0), np.float64(23.0))",delta_sma,17,31,8.882352941176471,6.870967741935484,9.0,7.0,2.011385199240987,29.273681303507324
RTS,mean,границы,"(np.float64(10.0), np.float64(23.0))",time5_st,17,31,3.5294117647058822,3.774193548387097,3.0,3.0,-0.24478178368121473,-6.4856711915535525
RTS,mean,границы,"(np.float64(10.0), np.float64(23.0))",time5_sma,17,31,6.764705882352941,8.612903225806452,6.0,9.0,-1.8481973434535108,-21.458471028860988
RTS,mean,границы,"(np.float64(13.0), np.float64(23.0))",delta_st,1,0,6.0,,6.0,,,
RTS,mean,границы,"(np.float64(13.0), np.float64(23.0))",delta_sma,1,0,3.0,,3.0,,,
RTS,mean,границы,"(np.float64(13.0), np.float64(23.0))",time5_st,1,0,2.0,,2.0,,,
RTS,mean,границы,"(np.float64(13.0), np.float64(23.0))",time5_sma,1,0,4.0,,4.0,,,
RTS,median,год,2022,delta_st,104,121,8.057692307692308,4.975206611570248,7.0,5.0,3.0824856961220606,61.956938410426794
RTS,median,год,2022,delta_sma,104,121,10.682692307692308,6.636363636363637,10.0,7.0,4.046328671328672,60.972075869336145
RTS,median,год,2022,time5_st,104,130,3.4038461538461537,3.6,3.5,4.0,-0.19615384615384635,-5.448717948717954
RTS,median,год,2022,time5_sma,104,130,6.923076923076923,8.46923076923077,7.0,9.0,-1.546153846153846,-18.25613079019073
RTS,median,год,2022,time5_er,104,130,0.11901492320305625,0.08470787195488565,0.10518772065981491,0.0626300634775211,0.0343070512481706,40.5004286572588
RTS,median,год,2023,delta_st,124,130,9.346774193548388,5.8076923076923075,9.0,6.0,3.5390818858560804,60.93783379619742
RTS,median,год,2023,delta_sma,124,130,10.419354838709678,7.253846153846154,11.0,7.0,3.165508684863524,43.63903807341019
RTS,median,год,2023,time5_st,124,130,4.112903225806452,4.246153846153846,4.0,4.0,-0.1332506203473942,-3.1381486676016754
RTS,median,год,2023,time5_sma,124,130,8.661290322580646,9.992307692307692,8.0,10.0,-1.3310173697270464,-13.32042017432764
RTS,median,год,2023,time5_er,124,130,0.11054297156890817,0.08007672370837039,0.09741557357573247,0.06720117845117846,0.030466247860537782,38.04632163959669
RTS,median,год,2024,delta_st,138,108,10.130434782608695,5.481481481481482,10.0,5.0,4.6489533011272135,84.81198589894241
RTS,median,год,2024,delta_sma,138,108,10.76086956521739,6.685185185185185,10.0,6.0,4.075684380032206,60.965915933999746
RTS,median,год,2024,time5_st,138,108,4.442028985507246,4.175925925925926,4.0,4.0,0.2661030595813205,6.3723127349850595
RTS,median,год,2024,time5_sma,138,108,9.144927536231885,9.36111111111111,8.0,9.0,-0.21618357487922601,-2.3093794349116132
RTS,median,год,2024,time5_er,138,108,0.09970234081754602,0.07621060955897255,0.09059727118026012,0.06656306656306657,0.02349173125857347,30.824751821982648
RTS,median,год,2025,delta_st,109,131,9.761467889908257,5.7251908396946565,9.0,6.0,4.0362770502136005,70.50030581039755
RTS,median,год,2025,delta_sma,109,131,11.26605504587156,7.534351145038168,11.0,7.0,3.7317039008333923,49.529200710149375
RTS,median,год,2025,time5_st,109,131,4.477064220183486,4.343511450381679,5.0,4.0,0.13355276980180708,3.0747649989519736
RTS,median,год,2025,time5_sma,109,131,9.045871559633028,10.564885496183207,9.0,11.0,-1.519013936550179,-14.377949832953282
RTS,median,год,2025,time5_er,109,131,0.10730043810687132,0.0760952698808853,0.09595038307187158,0.06763285024154589,0.031205168225986013,41.00802622138353
RTS,median,год,2026,delta_st,90,104,9.833333333333334,5.240384615384615,9.0,5.0,4.592948717948719,87.64525993883794
RTS,median,год,2026,delta_sma,90,104,12.377777777777778,6.865384615384615,11.5,7.0,5.512393162393163,80.29256146903207
RTS,median,год,2026,time5_st,90,104,3.7222222222222223,3.9711538461538463,4.0,4.0,-0.24893162393162394,-6.268496099004573
RTS,median,год,2026,time5_sma,90,104,9.2,9.836538461538462,9.0,9.0,-0.6365384615384624,-6.471163245356802
RTS,median,год,2026,time5_er,90,104,0.11849636234054425,0.07722512121390644,0.10259503067172708,0.066481502344163,0.04127124112663781,53.44276639245445
RTS,median,границы,"(np.float64(6.0), np.float64(23.0))",delta_st,16,22,10.25,6.681818181818182,9.0,7.0,3.5681818181818183,53.40136054421769
RTS,median,границы,"(np.float64(6.0), np.float64(23.0))",delta_sma,16,22,13.8125,7.7727272727272725,15.5,7.5,6.0397727272727275,77.7046783625731
RTS,median,границы,"(np.float64(6.0), np.float64(23.0))",time5_st,16,22,3.8125,4.363636363636363,4.0,4.0,-0.5511363636363633,-12.630208333333327
RTS,median,границы,"(np.float64(6.0), np.float64(23.0))",time5_sma,16,22,11.5,12.909090909090908,10.5,13.5,-1.4090909090909083,-10.915492957746473
RTS,median,границы,"(np.float64(7.0), np.float64(23.0))",delta_st,29,31,12.586206896551724,4.741935483870968,11.0,5.0,7.844271412680756,165.42341074360777
RTS,median,границы,"(np.float64(7.0), np.float64(23.0))",delta_sma,29,31,16.862068965517242,7.225806451612903,16.0,8.0,9.636262513904338,133.35899014778326
RTS,median,границы,"(np.float64(7.0), np.float64(23.0))",time5_st,29,31,4.551724137931035,4.161290322580645,5.0,4.0,0.3904338153503897,9.382518043303937
RTS,median,границы,"(np.float64(7.0), np.float64(23.0))",time5_sma,29,31,10.068965517241379,10.838709677419354,9.0,10.0,-0.7697441601779751,-7.101806239737271
RTS,median,границы,"(np.float64(8.0), np.float64(18.0))",delta_st,1,0,10.0,,10.0,,,
RTS,median,границы,"(np.float64(8.0), np.float64(18.0))",delta_sma,1,0,10.0,,10.0,,,
RTS,median,границы,"(np.float64(8.0), np.float64(18.0))",time5_st,1,0,6.0,,6.0,,,
RTS,median,границы,"(np.float64(8.0), np.float64(18.0))",time5_sma,1,0,5.0,,5.0,,,
RTS,median,границы,"(np.float64(8.0), np.float64(23.0))",delta_st,298,313,9.973154362416107,5.6900958466453675,9.5,6.0,4.2830585157707395,75.27216818844703
RTS,median,границы,"(np.float64(8.0), np.float64(23.0))",delta_sma,298,313,11.295302013422818,7.357827476038339,11.0,7.0,3.937474537384479,53.514091628369165
RTS,median,границы,"(np.float64(8.0), np.float64(23.0))",time5_st,298,313,4.369127516778524,4.217252396166134,4.0,4.0,0.15187512061238984,3.601281269066517
RTS,median,границы,"(np.float64(8.0), np.float64(23.0))",time5_sma,298,313,9.090604026845638,10.060702875399361,9.0,10.0,-0.9700988485537234,-9.642456004995728
RTS,median,границы,"(np.float64(9.0), np.float64(18.0))",delta_st,0,2,,0.5,,0.5,,
RTS,median,границы,"(np.float64(9.0), np.float64(18.0))",delta_sma,0,2,,2.0,,2.0,,
RTS,median,границы,"(np.float64(9.0), np.float64(18.0))",time5_st,0,2,,2.5,,2.5,,
RTS,median,границы,"(np.float64(9.0), np.float64(18.0))",time5_sma,0,2,,5.5,,5.5,,
RTS,median,границы,"(np.float64(9.0), np.float64(23.0))",delta_st,165,171,9.387878787878789,5.502923976608187,9.0,5.0,3.8849548112706014,70.59800985412039
RTS,median,границы,"(np.float64(9.0), np.float64(23.0))",delta_sma,165,171,10.715151515151515,6.824561403508772,11.0,6.0,3.8905901116427426,57.00864688011216
RTS,median,границы,"(np.float64(9.0), np.float64(23.0))",time5_st,165,171,4.054545454545455,4.181286549707602,4.0,4.0,-0.1267410951621475,-3.0311506675142965
RTS,median,границы,"(np.float64(9.0), np.float64(23.0))",time5_sma,165,171,8.44848484848485,9.432748538011696,8.0,9.0,-0.9842636895268466,-10.434537564109782
RTS,median,границы,"(np.float64(10.0), np.float64(13.0))",delta_st,0,0,,,,,,
RTS,median,границы,"(np.float64(10.0), np.float64(13.0))",delta_sma,0,0,,,,,,
RTS,median,границы,"(np.float64(10.0), np.float64(13.0))",time5_st,0,1,,0.0,,0.0,,
RTS,median,границы,"(np.float64(10.0), np.float64(13.0))",time5_sma,0,1,,4.0,,4.0,,
RTS,median,границы,"(np.float64(10.0), np.float64(18.0))",delta_st,37,25,4.324324324324325,2.88,4.0,3.0,1.4443243243243247,50.15015015015017
RTS,median,границы,"(np.float64(10.0), np.float64(18.0))",delta_sma,37,25,5.837837837837838,3.72,6.0,4.0,2.1178378378378375,56.93112467306015
RTS,median,границы,"(np.float64(10.0), np.float64(18.0))",time5_st,37,33,1.7837837837837838,2.212121212121212,2.0,2.0,-0.42833742833742816,-19.363198815253604
RTS,median,границы,"(np.float64(10.0), np.float64(18.0))",time5_sma,37,33,4.45945945945946,4.7272727272727275,5.0,4.0,-0.26781326781326786,-5.665280665280666
RTS,median,границы,"(np.float64(10.0), np.float64(23.0))",delta_st,18,30,6.555555555555555,5.166666666666667,6.5,5.0,1.3888888888888884,26.881720430107514
RTS,median,границы,"(np.float64(10.0), np.float64(23.0))",delta_sma,18,30,8.722222222222221,6.9,8.5,7.5,1.822222222222221,26.40901771336552
RTS,median,границы,"(np.float64(10.0), np.float64(23.0))",time5_st,18,30,3.4444444444444446,3.8333333333333335,3.0,3.0,-0.38888888888888884,-10.144927536231883
RTS,median,границы,"(np.float64(10.0), np.float64(23.0))",time5_sma,18,30,6.5,8.833333333333334,5.5,9.0,-2.333333333333334,-26.415094339622648
RTS,median,границы,"(np.float64(13.0), np.float64(23.0))",delta_st,1,0,6.0,,6.0,,,
RTS,median,границы,"(np.float64(13.0), np.float64(23.0))",delta_sma,1,0,3.0,,3.0,,,
RTS,median,границы,"(np.float64(13.0), np.float64(23.0))",time5_st,1,0,2.0,,2.0,,,
RTS,median,границы,"(np.float64(13.0), np.float64(23.0))",time5_sma,1,0,4.0,,4.0,,,
