period,symbol,cost_ticks,block,days,total_difference,difference,ci_low,ci_high,p,bootstrap_valid,p_holm,verdict
2026,RTS,0.0,20,173,2910.0,16.820809248554912,-88.78612716763006,122.42774566473987,0.764247150569886,5000,1.0,Нет значимого различия
2026,RTS,0.0,40,173,2910.0,16.820809248554912,-81.67630057803468,115.3179190751445,0.74625074985003,5000,1.0,Нет значимого различия
2026,RTS,0.0,60,173,2910.0,16.820809248554912,-69.13294797687861,102.77456647398843,0.7034593081383723,5000,1.0,Нет значимого различия
2026,RTS,2.0,20,173,12490.0,72.19653179190752,-40.578034682080926,184.97109826589596,0.21195760847830433,5000,0.635872825434913,Нет значимого различия
2026,RTS,2.0,40,173,12490.0,72.19653179190752,-32.25433526011561,176.64739884393066,0.1803639272145571,5000,0.5410917816436713,Нет значимого различия
2026,RTS,2.0,60,173,12490.0,72.19653179190752,-22.48554913294798,166.87861271676303,0.1267746450709858,5000,0.5070985802839432,Нет значимого различия
2026,RTS,4.0,20,173,22070.0,127.57225433526011,8.034682080924853,247.10982658959537,0.035992801439712056,5000,0.1799640071985603,Нет значимого различия
2026,RTS,4.0,40,173,22070.0,127.57225433526011,15.95375722543352,239.1907514450867,0.02539492101579684,5000,0.1269746050789842,Нет значимого различия
2026,RTS,4.0,60,173,22070.0,127.57225433526011,24.79768786127167,230.34682080924856,0.008398320335932814,5000,0.041991601679664065,Фильтр увеличил PnL
2026,RTS,8.0,20,173,41230.0,238.32369942196533,101.90751445086704,374.7398843930636,0.0003999200159968006,5000,0.003199360127974405,Фильтр увеличил PnL
2026,RTS,8.0,40,173,41230.0,238.32369942196533,110.05780346820808,366.5895953757226,0.0001999600079984003,5000,0.0015996800639872025,Фильтр увеличил PnL
2026,RTS,8.0,60,173,41230.0,238.32369942196533,118.4393063583815,358.2080924855492,0.0001999600079984003,5000,0.0015996800639872025,Фильтр увеличил PnL
2026,MIX,0.0,20,194,-750.0,-3.865979381443299,-160.56701030927837,152.83505154639175,0.9630073985202959,5000,1.0,Нет значимого различия
2026,MIX,0.0,40,194,-750.0,-3.865979381443299,-139.819587628866,132.08762886597938,0.9702059588082383,5000,1.0,Нет значимого различия
2026,MIX,0.0,60,194,-750.0,-3.865979381443299,-150.0,142.26804123711338,0.9744051189762047,5000,1.0,Нет значимого различия
2026,MIX,2.0,20,194,27050.0,139.43298969072166,-39.304123711340196,318.1701030927835,0.13817236552689463,5000,0.5526894621075785,Нет значимого различия
2026,MIX,2.0,40,194,27050.0,139.43298969072166,-23.711340206185554,302.57731958762884,0.1231753649270146,5000,0.4927014597080584,Нет значимого различия
2026,MIX,2.0,60,194,27050.0,139.43298969072166,-36.211340206185554,315.07731958762884,0.20375924815036991,5000,0.6112777444511097,Нет значимого различия
2026,MIX,4.0,20,194,54850.0,282.7319587628866,80.15463917525778,485.30927835051546,0.00599880023995201,5000,0.03599280143971206,Фильтр увеличил PnL
2026,MIX,4.0,40,194,54850.0,282.7319587628866,90.33505154639175,475.1288659793815,0.0013997200559888023,5000,0.008398320335932814,Фильтр увеличил PnL
2026,MIX,4.0,60,194,54850.0,282.7319587628866,75.12886597938143,490.3350515463918,0.0009998000399920016,5000,0.00599880023995201,Фильтр увеличил PnL
2026,MIX,8.0,20,194,110450.0,569.3298969072165,313.659793814433,825.0,0.0003999200159968006,5000,0.003199360127974405,Фильтр увеличил PnL
2026,MIX,8.0,40,194,110450.0,569.3298969072165,318.94329896907215,819.7164948453608,0.0001999600079984003,5000,0.0015996800639872025,Фильтр увеличил PnL
2026,MIX,8.0,60,194,110450.0,569.3298969072165,298.45360824742266,840.2061855670104,0.0001999600079984003,5000,0.0015996800639872025,Фильтр увеличил PnL
2022–2025,RTS,0.0,20,891,-64200.0,-72.05387205387206,-141.70594837261504,-2.4017957351290704,0.04319136172765447,5000,0.17276544691061788,Нет значимого различия
2022–2025,RTS,2.0,20,891,-19880.0,-22.312008978675646,-94.10774410774411,49.48372615039281,0.5384923015396921,5000,1.0,Нет значимого различия
2022–2025,RTS,4.0,20,891,24440.0,27.429854096520764,-47.586980920314254,102.44668911335577,0.47010597880423916,5000,1.0,Нет значимого различия
2022–2025,RTS,8.0,20,891,113080.0,126.91358024691358,45.78002244668912,208.04713804713805,0.0027994401119776045,5000,0.016796640671865627,Фильтр увеличил PnL
2022–2025,MIX,0.0,20,777,-3025.0,-3.8931788931788933,-85.93951093951095,78.15315315315316,0.9218156368726255,5000,1.0,Нет значимого различия
2022–2025,MIX,2.0,20,777,88525.0,113.93178893178893,26.640926640926637,201.22265122265122,0.009798040391921616,5000,0.04899020195960808,Фильтр увеличил PnL
2022–2025,MIX,4.0,20,777,180075.0,231.75675675675674,136.1969111969112,327.31660231660226,0.0001999600079984003,5000,0.0015996800639872025,Фильтр увеличил PnL
2022–2025,MIX,8.0,20,777,363175.0,467.4066924066924,353.21750321750324,581.5958815958816,0.0001999600079984003,5000,0.0015996800639872025,Фильтр увеличил PnL
все,RTS,0.0,20,1064,-61290.0,-57.60338345864662,-120.08458646616542,4.877819548872182,0.06958608278344332,5000,0.27834433113377327,Нет значимого различия
все,RTS,2.0,20,1064,-7390.0,-6.945488721804511,-70.95864661654136,57.06766917293234,0.8252349530093981,5000,1.0,Нет значимого различия
все,RTS,4.0,20,1064,46510.0,43.712406015037594,-22.086466165413533,109.51127819548873,0.20095980803839233,5000,0.602879424115177,Нет значимого различия
все,RTS,8.0,20,1064,154310.0,145.0281954887218,71.82330827067668,218.2330827067669,0.0001999600079984003,5000,0.0015996800639872025,Фильтр увеличил PnL
все,MIX,0.0,20,971,-3775.0,-3.887744593202884,-75.0,67.22451081359424,0.9118176364727054,5000,1.0,Нет значимого различия
все,MIX,2.0,20,971,115575.0,119.02677651905252,41.99279093717817,196.06076210092687,0.003199360127974405,5000,0.015996800639872025,Фильтр увеличил PnL
все,MIX,4.0,20,971,234925.0,241.94129763130792,157.85272914521113,326.0298661174047,0.0001999600079984003,5000,0.0015996800639872025,Фильтр увеличил PnL
все,MIX,8.0,20,971,473625.0,487.77033985581875,384.37178166838316,591.1688980432543,0.0001999600079984003,5000,0.0015996800639872025,Фильтр увеличил PnL
