symbol,day,status,reason,history_days,first_ns,last_ns,segment,signals,passing_signals,close_delay_seconds
RTS,2026-09-28,included,,"[""2026-08-31"", ""2026-09-01"", ""2026-09-02"", ""2026-09-03"", ""2026-09-04"", ""2026-09-07"", ""2026-09-08"", ""2026-09-09"", ""2026-09-10"", ""2026-09-11"", ""2026-09-14"", ""2026-09-15"", ""2026-09-16"", ""2026-09-17"", ""2026-09-18"", ""2026-09-21"", ""2026-09-22"", ""2026-09-23"", ""2026-09-24"", ""2026-09-25""]",25147000000000,85794000000000,0,12,1,17.0
RTS,2026-09-29,included,,"[""2026-09-01"", ""2026-09-02"", ""2026-09-03"", ""2026-09-04"", ""2026-09-07"", ""2026-09-08"", ""2026-09-09"", ""2026-09-10"", ""2026-09-11"", ""2026-09-14"", ""2026-09-15"", ""2026-09-16"", ""2026-09-17"", ""2026-09-18"", ""2026-09-21"", ""2026-09-22"", ""2026-09-23"", ""2026-09-24"", ""2026-09-25"", ""2026-09-28""]",25174000000000,85795006000000,0,3,1,0.0
RTS,2026-09-30,included,,"[""2026-09-02"", ""2026-09-03"", ""2026-09-04"", ""2026-09-07"", ""2026-09-08"", ""2026-09-09"", ""2026-09-10"", ""2026-09-11"", ""2026-09-14"", ""2026-09-15"", ""2026-09-16"", ""2026-09-17"", ""2026-09-18"", ""2026-09-21"", ""2026-09-22"", ""2026-09-23"", ""2026-09-24"", ""2026-09-25"", ""2026-09-28"", ""2026-09-29""]",25169000000000,85797000000000,0,13,4,0.0
RTS,2026-10-01,included,,"[""2026-09-03"", ""2026-09-04"", ""2026-09-07"", ""2026-09-08"", ""2026-09-09"", ""2026-09-10"", ""2026-09-11"", ""2026-09-14"", ""2026-09-15"", ""2026-09-16"", ""2026-09-17"", ""2026-09-18"", ""2026-09-21"", ""2026-09-22"", ""2026-09-23"", ""2026-09-24"", ""2026-09-25"", ""2026-09-28"", ""2026-09-29"", ""2026-09-30""]",25161000000000,85797000000000,0,4,1,0.0
RTS,2026-10-02,included,,"[""2026-09-04"", ""2026-09-07"", ""2026-09-08"", ""2026-09-09"", ""2026-09-10"", ""2026-09-11"", ""2026-09-14"", ""2026-09-15"", ""2026-09-16"", ""2026-09-17"", ""2026-09-18"", ""2026-09-21"", ""2026-09-22"", ""2026-09-23"", ""2026-09-24"", ""2026-09-25"", ""2026-09-28"", ""2026-09-29"", ""2026-09-30"", ""2026-10-01""]",25200000000000,85799001000000,0,7,0,0.0
MIX,2026-09-28,included,,"[""2026-08-31"", ""2026-09-01"", ""2026-09-02"", ""2026-09-03"", ""2026-09-04"", ""2026-09-07"", ""2026-09-08"", ""2026-09-09"", ""2026-09-10"", ""2026-09-11"", ""2026-09-14"", ""2026-09-15"", ""2026-09-16"", ""2026-09-17"", ""2026-09-18"", ""2026-09-21"", ""2026-09-22"", ""2026-09-23"", ""2026-09-24"", ""2026-09-25""]",25147000000000,85799000000000,0,9,0,0.0
MIX,2026-09-29,included,,"[""2026-09-01"", ""2026-09-02"", ""2026-09-03"", ""2026-09-04"", ""2026-09-07"", ""2026-09-08"", ""2026-09-09"", ""2026-09-10"", ""2026-09-11"", ""2026-09-14"", ""2026-09-15"", ""2026-09-16"", ""2026-09-17"", ""2026-09-18"", ""2026-09-21"", ""2026-09-22"", ""2026-09-23"", ""2026-09-24"", ""2026-09-25"", ""2026-09-28""]",25174000000000,85799003000000,0,5,3,0.0
MIX,2026-09-30,included,,"[""2026-09-02"", ""2026-09-03"", ""2026-09-04"", ""2026-09-07"", ""2026-09-08"", ""2026-09-09"", ""2026-09-10"", ""2026-09-11"", ""2026-09-14"", ""2026-09-15"", ""2026-09-16"", ""2026-09-17"", ""2026-09-18"", ""2026-09-21"", ""2026-09-22"", ""2026-09-23"", ""2026-09-24"", ""2026-09-25"", ""2026-09-28"", ""2026-09-29""]",25169000000000,85797001000000,0,6,1,0.0
MIX,2026-10-01,included,,"[""2026-09-03"", ""2026-09-04"", ""2026-09-07"", ""2026-09-08"", ""2026-09-09"", ""2026-09-10"", ""2026-09-11"", ""2026-09-14"", ""2026-09-15"", ""2026-09-16"", ""2026-09-17"", ""2026-09-18"", ""2026-09-21"", ""2026-09-22"", ""2026-09-23"", ""2026-09-24"", ""2026-09-25"", ""2026-09-28"", ""2026-09-29"", ""2026-09-30""]",25161000000000,85797003000000,0,6,1,0.0
MIX,2026-10-02,included,,"[""2026-09-04"", ""2026-09-07"", ""2026-09-08"", ""2026-09-09"", ""2026-09-10"", ""2026-09-11"", ""2026-09-14"", ""2026-09-15"", ""2026-09-16"", ""2026-09-17"", ""2026-09-18"", ""2026-09-21"", ""2026-09-22"", ""2026-09-23"", ""2026-09-24"", ""2026-09-25"", ""2026-09-28"", ""2026-09-29"", ""2026-09-30"", ""2026-10-01""]",25154000000000,85799001000000,0,3,0,0.0
