day,mode,trades,gross_pnl,net_pnl,equity_peak,equity_min,max_drawdown,signals,rejected_first_signals,cost_ticks,close_delay_seconds,symbol,segment
2026-09-28,baseline,12,-620.0,-620.0,280.0,-660.0,940.0,12,0,0.0,17.0,RTS,0
2026-09-28,baseline,12,-620.0,-860.0,210.0,-890.0,1100.0,12,0,2.0,17.0,RTS,0
2026-09-28,baseline,12,-620.0,-1100.0,140.0,-1120.0,1260.0,12,0,4.0,17.0,RTS,0
2026-09-28,baseline,12,-620.0,-1580.0,50.0,-1580.0,1630.0,12,0,8.0,17.0,RTS,0
2026-09-28,volume,12,-620.0,-620.0,280.0,-660.0,940.0,12,0,0.0,17.0,RTS,0
2026-09-28,volume,12,-620.0,-860.0,210.0,-890.0,1100.0,12,0,2.0,17.0,RTS,0
2026-09-28,volume,12,-620.0,-1100.0,140.0,-1120.0,1260.0,12,0,4.0,17.0,RTS,0
2026-09-28,volume,12,-620.0,-1580.0,50.0,-1580.0,1630.0,12,0,8.0,17.0,RTS,0
2026-09-29,baseline,3,1300.0,1300.0,1620.0,-370.0,730.0,3,0,0.0,0.0,RTS,0
2026-09-29,baseline,3,1300.0,1240.0,1570.0,-420.0,770.0,3,0,2.0,0.0,RTS,0
2026-09-29,baseline,3,1300.0,1180.0,1520.0,-470.0,810.0,3,0,4.0,0.0,RTS,0
2026-09-29,baseline,3,1300.0,1060.0,1420.0,-570.0,890.0,3,0,8.0,0.0,RTS,0
2026-09-29,volume,3,1300.0,1300.0,1620.0,-370.0,730.0,3,0,0.0,0.0,RTS,0
2026-09-29,volume,3,1300.0,1240.0,1570.0,-420.0,770.0,3,0,2.0,0.0,RTS,0
2026-09-29,volume,3,1300.0,1180.0,1520.0,-470.0,810.0,3,0,4.0,0.0,RTS,0
2026-09-29,volume,3,1300.0,1060.0,1420.0,-570.0,890.0,3,0,8.0,0.0,RTS,0
2026-09-30,baseline,13,-160.0,-160.0,310.0,-1320.0,1560.0,13,0,0.0,0.0,RTS,0
2026-09-30,baseline,13,-160.0,-420.0,190.0,-1550.0,1740.0,13,0,2.0,0.0,RTS,0
2026-09-30,baseline,13,-160.0,-680.0,140.0,-1780.0,1920.0,13,0,4.0,0.0,RTS,0
2026-09-30,baseline,13,-160.0,-1200.0,70.0,-2240.0,2310.0,13,0,8.0,0.0,RTS,0
2026-09-30,volume,10,-70.0,-70.0,400.0,-1230.0,1420.0,13,3,0.0,0.0,RTS,0
2026-09-30,volume,10,-70.0,-270.0,230.0,-1400.0,1580.0,13,3,2.0,0.0,RTS,0
2026-09-30,volume,10,-70.0,-470.0,170.0,-1570.0,1740.0,13,3,4.0,0.0,RTS,0
2026-09-30,volume,10,-70.0,-870.0,150.0,-1910.0,2060.0,13,3,8.0,0.0,RTS,0
2026-10-01,baseline,4,20.0,20.0,340.0,-420.0,760.0,4,0,0.0,0.0,RTS,0
2026-10-01,baseline,4,20.0,-60.0,330.0,-490.0,820.0,4,0,2.0,0.0,RTS,0
2026-10-01,baseline,4,20.0,-140.0,320.0,-560.0,880.0,4,0,4.0,0.0,RTS,0
2026-10-01,baseline,4,20.0,-300.0,300.0,-700.0,1000.0,4,0,8.0,0.0,RTS,0
2026-10-01,volume,4,20.0,20.0,340.0,-420.0,760.0,4,0,0.0,0.0,RTS,0
2026-10-01,volume,4,20.0,-60.0,330.0,-490.0,820.0,4,0,2.0,0.0,RTS,0
2026-10-01,volume,4,20.0,-140.0,320.0,-560.0,880.0,4,0,4.0,0.0,RTS,0
2026-10-01,volume,4,20.0,-300.0,300.0,-700.0,1000.0,4,0,8.0,0.0,RTS,0
2026-10-02,baseline,7,-140.0,-140.0,490.0,-760.0,950.0,7,0,0.0,0.0,RTS,0
2026-10-02,baseline,7,-140.0,-280.0,420.0,-830.0,1010.0,7,0,2.0,0.0,RTS,0
2026-10-02,baseline,7,-140.0,-420.0,350.0,-900.0,1070.0,7,0,4.0,0.0,RTS,0
2026-10-02,baseline,7,-140.0,-700.0,210.0,-1040.0,1190.0,7,0,8.0,0.0,RTS,0
2026-10-02,volume,0,0.0,0.0,0.0,0.0,0.0,7,7,0.0,0.0,RTS,0
2026-10-02,volume,0,0.0,0.0,0.0,0.0,0.0,7,7,2.0,0.0,RTS,0
2026-10-02,volume,0,0.0,0.0,0.0,0.0,0.0,7,7,4.0,0.0,RTS,0
2026-10-02,volume,0,0.0,0.0,0.0,0.0,0.0,7,7,8.0,0.0,RTS,0
2026-09-28,baseline,9,-475.0,-475.0,700.0,-1325.0,2025.0,9,0,0.0,0.0,MIX,0
2026-09-28,baseline,9,-475.0,-925.0,525.0,-1700.0,2225.0,9,0,2.0,0.0,MIX,0
2026-09-28,baseline,9,-475.0,-1375.0,350.0,-2075.0,2425.0,9,0,4.0,0.0,MIX,0
2026-09-28,baseline,9,-475.0,-2275.0,225.0,-2900.0,3125.0,9,0,8.0,0.0,MIX,0
2026-09-28,volume,0,0.0,0.0,0.0,0.0,0.0,9,9,0.0,0.0,MIX,0
2026-09-28,volume,0,0.0,0.0,0.0,0.0,0.0,9,9,2.0,0.0,MIX,0
2026-09-28,volume,0,0.0,0.0,0.0,0.0,0.0,9,9,4.0,0.0,MIX,0
2026-09-28,volume,0,0.0,0.0,0.0,0.0,0.0,9,9,8.0,0.0,MIX,0
2026-09-29,baseline,5,1525.0,1525.0,2475.0,-2000.0,2075.0,5,0,0.0,0.0,MIX,0
2026-09-29,baseline,5,1525.0,1275.0,2250.0,-2175.0,2225.0,5,0,2.0,0.0,MIX,0
2026-09-29,baseline,5,1525.0,1025.0,2025.0,-2350.0,2375.0,5,0,4.0,0.0,MIX,0
2026-09-29,baseline,5,1525.0,525.0,1575.0,-2750.0,2750.0,5,0,8.0,0.0,MIX,0
2026-09-29,volume,5,1525.0,1525.0,2475.0,-2000.0,2075.0,5,0,0.0,0.0,MIX,0
2026-09-29,volume,5,1525.0,1275.0,2250.0,-2175.0,2225.0,5,0,2.0,0.0,MIX,0
2026-09-29,volume,5,1525.0,1025.0,2025.0,-2350.0,2375.0,5,0,4.0,0.0,MIX,0
2026-09-29,volume,5,1525.0,525.0,1575.0,-2750.0,2750.0,5,0,8.0,0.0,MIX,0
2026-09-30,baseline,6,-2050.0,-2050.0,500.0,-3275.0,3775.0,6,0,0.0,0.0,MIX,0
2026-09-30,baseline,6,-2050.0,-2350.0,475.0,-3550.0,4025.0,6,0,2.0,0.0,MIX,0
2026-09-30,baseline,6,-2050.0,-2650.0,450.0,-3825.0,4275.0,6,0,4.0,0.0,MIX,0
2026-09-30,baseline,6,-2050.0,-3250.0,400.0,-4375.0,4775.0,6,0,8.0,0.0,MIX,0
2026-09-30,volume,5,-1275.0,-1275.0,325.0,-2500.0,2825.0,6,1,0.0,0.0,MIX,0
2026-09-30,volume,5,-1275.0,-1525.0,300.0,-2725.0,3025.0,6,1,2.0,0.0,MIX,0
2026-09-30,volume,5,-1275.0,-1775.0,275.0,-2950.0,3225.0,6,1,4.0,0.0,MIX,0
2026-09-30,volume,5,-1275.0,-2275.0,225.0,-3400.0,3625.0,6,1,8.0,0.0,MIX,0
2026-10-01,baseline,6,-950.0,-950.0,325.0,-1525.0,1850.0,6,0,0.0,0.0,MIX,0
2026-10-01,baseline,6,-950.0,-1250.0,300.0,-1800.0,2100.0,6,0,2.0,0.0,MIX,0
2026-10-01,baseline,6,-950.0,-1550.0,275.0,-2075.0,2350.0,6,0,4.0,0.0,MIX,0
2026-10-01,baseline,6,-950.0,-2150.0,225.0,-2625.0,2850.0,6,0,8.0,0.0,MIX,0
2026-10-01,volume,6,-950.0,-950.0,325.0,-1525.0,1850.0,6,0,0.0,0.0,MIX,0
2026-10-01,volume,6,-950.0,-1250.0,300.0,-1800.0,2100.0,6,0,2.0,0.0,MIX,0
2026-10-01,volume,6,-950.0,-1550.0,275.0,-2075.0,2350.0,6,0,4.0,0.0,MIX,0
2026-10-01,volume,6,-950.0,-2150.0,225.0,-2625.0,2850.0,6,0,8.0,0.0,MIX,0
2026-10-02,baseline,3,2100.0,2100.0,2175.0,-275.0,1100.0,3,0,0.0,0.0,MIX,0
2026-10-02,baseline,3,2100.0,1950.0,2050.0,-350.0,1150.0,3,0,2.0,0.0,MIX,0
2026-10-02,baseline,3,2100.0,1800.0,1925.0,-425.0,1200.0,3,0,4.0,0.0,MIX,0
2026-10-02,baseline,3,2100.0,1500.0,1675.0,-575.0,1300.0,3,0,8.0,0.0,MIX,0
2026-10-02,volume,0,0.0,0.0,0.0,0.0,0.0,3,3,0.0,0.0,MIX,0
2026-10-02,volume,0,0.0,0.0,0.0,0.0,0.0,3,3,2.0,0.0,MIX,0
2026-10-02,volume,0,0.0,0.0,0.0,0.0,0.0,3,3,4.0,0.0,MIX,0
2026-10-02,volume,0,0.0,0.0,0.0,0.0,0.0,3,3,8.0,0.0,MIX,0
