entry_index,side,signal_bar,signal_ns,sma3,sma34,current_volume,median_volume,volume_ratio,volume_pass,entry_delay_seconds,symbol,day,signal_time
15725,1,71,46200000000000,84103.33333333333,84027.94117647059,22255,21960.5,1.0134104414744656,True,0.0,RTS,2026-09-28,2026-09-28 0 days 12:50:00
16723,-1,78,48300000000000,84010.0,84020.88235294117,23950,25670.5,0.9329775423151088,False,19.0,RTS,2026-09-28,2026-09-28 0 days 13:25:00
17359,1,84,50100000000000,83996.66666666667,83989.70588235294,25035,30054.0,0.8330005989219406,False,3.0,RTS,2026-09-28,2026-09-28 0 days 13:55:00
17423,-1,85,50400000000000,83976.66666666667,83981.17647058824,25157,30231.5,0.8321452789309164,False,0.0,RTS,2026-09-28,2026-09-28 0 days 14:00:00
23148,1,114,59100000000000,83676.66666666667,83667.05882352941,37183,46433.0,0.8007882325070532,False,9.0,RTS,2026-09-28,2026-09-28 0 days 16:25:00
23308,-1,115,59400000000000,83656.66666666667,83657.35294117648,37482,46683.5,0.8028960981931518,False,54.0,RTS,2026-09-28,2026-09-28 0 days 16:30:00
23409,1,116,59700000000000,83653.33333333333,83647.94117647059,37664,47448.0,0.7937953127634463,False,8.0,RTS,2026-09-28,2026-09-28 0 days 16:35:00
23508,-1,117,60000000000000,83616.66666666667,83635.58823529411,37835,47859.0,0.7905514114377651,False,26.0,RTS,2026-09-28,2026-09-28 0 days 16:40:00
24101,1,125,62400000000000,83600.0,83577.64705882352,38854,51770.0,0.7505118794668727,False,3.0,RTS,2026-09-28,2026-09-28 0 days 17:20:00
26291,-1,135,65400000000000,83613.33333333333,83614.41176470589,43600,59762.0,0.7295605903416887,False,4.0,RTS,2026-09-28,2026-09-28 0 days 18:10:00
26363,1,136,65700000000000,83626.66666666667,83617.64705882352,43744,60197.5,0.7266746957930147,False,0.0,RTS,2026-09-28,2026-09-28 0 days 18:15:00
26735,-1,138,66300000000000,83620.0,83626.17647058824,44519,61053.0,0.7291861169803285,False,3.0,RTS,2026-09-28,2026-09-28 0 days 18:25:00
13217,1,58,42300000000000,82823.33333333333,82807.94117647059,15751,13161.0,1.1967935567206138,True,0.0,RTS,2026-09-29,2026-09-29 0 days 11:45:00
19117,-1,88,51300000000000,83026.66666666667,83026.76470588235,26403,31042.5,0.8505436095675284,False,1.0,RTS,2026-09-29,2026-09-29 0 days 14:15:00
20186,1,91,52200000000000,83100.0,83057.35294117648,28735,32078.0,0.895785273396097,False,1.0,RTS,2026-09-29,2026-09-29 0 days 14:30:00
3628,-1,38,36300000000000,84593.33333333333,84595.29411764706,613,1239.5,0.4945542557482856,False,0.0,RTS,2026-09-30,2026-09-30 0 days 10:05:00
4022,1,39,36600000000000,84600.0,84595.58823529411,1508,2122.0,0.7106503298774741,False,10.0,RTS,2026-09-30,2026-09-30 0 days 10:10:00
4242,-1,40,36900000000000,84573.33333333333,84591.4705882353,1907,2771.0,0.6881992060627932,False,0.0,RTS,2026-09-30,2026-09-30 0 days 10:15:00
9118,1,51,40200000000000,84593.33333333333,84535.88235294117,11313,9928.0,1.1395044319097503,True,0.0,RTS,2026-09-30,2026-09-30 0 days 11:10:00
9455,-1,53,40800000000000,84536.66666666667,84537.64705882352,11898,10816.0,1.1000369822485208,True,2.0,RTS,2026-09-30,2026-09-30 0 days 11:20:00
9659,1,54,41100000000000,84550.0,84539.11764705883,12271,11019.5,1.1135713961613503,True,1.0,RTS,2026-09-30,2026-09-30 0 days 11:25:00
9748,-1,55,41400000000000,84526.66666666667,84540.58823529411,12422,11518.0,1.0784858482375412,True,17.0,RTS,2026-09-30,2026-09-30 0 days 11:30:00
11066,1,61,43200000000000,84586.66666666667,84520.58823529411,14653,15007.5,0.9763784774279527,False,0.0,RTS,2026-09-30,2026-09-30 0 days 12:00:00
13614,-1,74,47100000000000,84373.33333333333,84512.05882352941,19153,21973.5,0.8716408401028511,False,4.0,RTS,2026-09-30,2026-09-30 0 days 13:05:00
14665,1,79,48600000000000,84540.0,84539.70588235294,21152,24257.5,0.8719777388436566,False,1.0,RTS,2026-09-30,2026-09-30 0 days 13:30:00
14937,-1,80,48900000000000,84516.66666666667,84544.11764705883,21550,25856.0,0.8334622524752475,False,1.0,RTS,2026-09-30,2026-09-30 0 days 13:35:00
16174,1,86,50700000000000,84556.66666666667,84555.29411764706,23693,29420.5,0.8053228191227205,False,1.0,RTS,2026-09-30,2026-09-30 0 days 14:05:00
33415,-1,141,67200000000000,85833.33333333333,85835.29411764706,58894,63426.0,0.9285466527922304,False,25.0,RTS,2026-09-30,2026-09-30 0 days 18:40:00
14213,-1,69,45600000000000,85866.66666666667,85937.35294117648,20809,19901.0,1.0456258479473393,True,0.0,RTS,2026-10-01,2026-10-01 0 days 12:40:00
19198,1,102,55500000000000,85616.66666666667,85600.0,30501,36872.5,0.8272018441928266,False,2.0,RTS,2026-10-01,2026-10-01 0 days 15:25:00
19963,-1,107,57000000000000,85530.0,85574.11764705883,31923,41423.5,0.770649510543532,False,2.0,RTS,2026-10-01,2026-10-01 0 days 15:50:00
24152,1,128,63300000000000,85486.66666666667,85463.23529411765,40466,52737.5,0.7673097890495378,False,1.0,RTS,2026-10-01,2026-10-01 0 days 17:35:00
2456,1,37,36300000000000,85806.66666666667,85798.23529411765,517,866.0,0.5969976905311778,False,0.0,RTS,2026-10-02,2026-10-02 0 days 10:05:00
4490,-1,48,39600000000000,85763.33333333333,85790.88235294117,4588,8284.0,0.5538387252535008,False,1.0,RTS,2026-10-02,2026-10-02 0 days 11:00:00
5139,1,51,40500000000000,85806.66666666667,85783.82352941176,6260,10762.5,0.5816492450638792,False,2.0,RTS,2026-10-02,2026-10-02 0 days 11:15:00
5598,-1,55,41700000000000,85726.66666666667,85789.41176470589,7166,12510.5,0.5727988489668678,False,3.0,RTS,2026-10-02,2026-10-02 0 days 11:35:00
15262,1,98,54600000000000,84970.0,84962.64705882352,27670,34392.0,0.80454756920214,False,48.0,RTS,2026-10-02,2026-10-02 0 days 15:10:00
17725,-1,116,60000000000000,84940.0,84968.23529411765,32195,43745.0,0.7359698251228712,False,11.0,RTS,2026-10-02,2026-10-02 0 days 16:40:00
20965,1,136,66000000000000,84993.33333333333,84883.23529411765,38008,57407.0,0.6620795373386521,False,1.0,RTS,2026-10-02,2026-10-02 0 days 18:20:00
41195,1,73,46800000000000,228483.33333333334,228472.79411764705,75355,95702.5,0.7873879992685666,False,1.0,MIX,2026-09-28,2026-09-28 0 days 13:00:00
43191,-1,79,48600000000000,228475.0,228498.5294117647,80802,123589.5,0.6537934047795323,False,1.0,MIX,2026-09-28,2026-09-28 0 days 13:30:00
43633,1,82,49500000000000,228550.0,228477.9411764706,81915,141166.0,0.5802742870096199,False,8.0,MIX,2026-09-28,2026-09-28 0 days 13:45:00
44675,-1,85,50400000000000,228416.66666666666,228434.5588235294,85241,145481.0,0.5859253098342739,False,1.0,MIX,2026-09-28,2026-09-28 0 days 14:00:00
64837,1,113,58800000000000,227583.33333333334,227533.08823529413,151658,201045.0,0.7543485289363078,False,0.0,MIX,2026-09-28,2026-09-28 0 days 16:20:00
66552,-1,117,60000000000000,227391.66666666666,227402.9411764706,156684,208943.5,0.7498869311560302,False,2.0,MIX,2026-09-28,2026-09-28 0 days 16:40:00
66736,1,118,60300000000000,227425.0,227375.73529411765,157093,210549.0,0.746111356501337,False,0.0,MIX,2026-09-28,2026-09-28 0 days 16:45:00
67285,-1,121,61200000000000,227308.33333333334,227311.76470588235,158592,217437.5,0.7293682092555333,False,10.0,MIX,2026-09-28,2026-09-28 0 days 17:00:00
67949,1,123,61800000000000,227325.0,227295.58823529413,160449,224640.0,0.7142494658119658,False,2.0,MIX,2026-09-28,2026-09-28 0 days 17:10:00
37122,1,56,41700000000000,225825.0,225794.85294117648,64177,54551.5,1.1764479436862414,True,4.0,MIX,2026-09-29,2026-09-29 0 days 11:35:00
37482,-1,57,42000000000000,225725.0,225750.0,65358,55835.0,1.1705561028029015,True,4.0,MIX,2026-09-29,2026-09-29 0 days 11:40:00
37987,1,58,42300000000000,225841.66666666666,225730.88235294117,66807,57096.0,1.1700819672131149,True,1.0,MIX,2026-09-29,2026-09-29 0 days 11:45:00
42139,-1,67,45000000000000,225516.66666666666,225580.14705882352,78619,79117.5,0.9936992447941353,False,0.0,MIX,2026-09-29,2026-09-29 0 days 12:30:00
56206,1,92,52500000000000,225583.33333333334,225360.29411764705,121064,144102.5,0.8401242171371073,False,0.0,MIX,2026-09-29,2026-09-29 0 days 14:35:00
12509,-1,41,37200000000000,228275.0,228322.0588235294,8298,10861.5,0.7639828752934678,False,0.0,MIX,2026-09-30,2026-09-30 0 days 10:20:00
23117,1,50,39900000000000,228350.0,228311.76470588235,37486,34435.5,1.0885859069855237,True,0.0,MIX,2026-09-30,2026-09-30 0 days 11:05:00
26464,-1,56,41700000000000,228383.33333333334,228395.58823529413,47187,54551.5,0.8649991292631733,False,0.0,MIX,2026-09-30,2026-09-30 0 days 11:35:00
28651,1,61,43200000000000,228425.0,228365.4411764706,53460,62827.0,0.8509080490871759,False,2.0,MIX,2026-09-30,2026-09-30 0 days 12:00:00
34723,-1,72,46500000000000,228258.33333333334,228332.35294117648,72229,83014.5,0.8700769142740123,False,1.0,MIX,2026-09-30,2026-09-30 0 days 12:55:00
55088,1,103,55800000000000,227833.33333333334,227538.23529411765,131910,167394.0,0.7880210760242302,False,0.0,MIX,2026-09-30,2026-09-30 0 days 15:30:00
46727,-1,69,45600000000000,229800.0,229969.85294117648,102344,78671.0,1.3009113904742535,True,1.0,MIX,2026-10-01,2026-10-01 0 days 12:40:00
58401,1,95,53400000000000,229783.33333333334,229708.82352941178,135586,138298.0,0.9803901719475336,False,1.0,MIX,2026-10-01,2026-10-01 0 days 14:50:00
64071,-1,107,57000000000000,229558.33333333334,229675.73529411765,149105,183210.5,0.8138452763351446,False,2.0,MIX,2026-10-01,2026-10-01 0 days 15:50:00
71078,1,120,60900000000000,229616.66666666666,229611.0294117647,168575,215263.5,0.7831100023924167,False,0.0,MIX,2026-10-01,2026-10-01 0 days 16:55:00
71556,-1,121,61200000000000,229541.66666666666,229609.5588235294,169544,217437.5,0.7797367059499857,False,0.0,MIX,2026-10-01,2026-10-01 0 days 17:00:00
79466,1,133,64800000000000,229616.66666666666,229487.5,191671,245379.0,0.7811222639264158,False,0.0,MIX,2026-10-01,2026-10-01 0 days 18:00:00
15038,1,55,41400000000000,229508.33333333334,229506.61764705883,24624,52866.0,0.46578140960163433,False,8.0,MIX,2026-10-02,2026-10-02 0 days 11:30:00
19365,-1,66,44700000000000,229433.33333333334,229466.17647058822,35913,75084.0,0.4783042991849129,False,12.0,MIX,2026-10-02,2026-10-02 0 days 12:25:00
40442,1,108,57300000000000,228341.66666666666,228331.61764705883,97490,171747.5,0.5676356278839576,False,0.0,MIX,2026-10-02,2026-10-02 0 days 15:55:00
