period,symbol,mode,cost_ticks,days,active_days,trades,gross_pnl,net_pnl,mean_day,mean_trade,win_rate,profit_factor,max_drawdown,long_pnl,short_pnl
2026,RTS,baseline,0.0,5,5,39,400.0,400.0,80.0,10.256410256410257,0.2564102564102564,1.1025641025641026,1640.0,1330.0,-930.0
2026,RTS,baseline,2.0,5,5,39,400.0,-380.0,-76.0,-9.743589743589743,0.23076923076923078,0.9153674832962138,1880.0,930.0,-1310.0
2026,RTS,baseline,4.0,5,5,39,400.0,-1160.0,-232.0,-29.743589743589745,0.23076923076923078,0.7721021611001965,2120.0,530.0,-1690.0
2026,RTS,baseline,8.0,5,5,39,400.0,-2720.0,-544.0,-69.74358974358974,0.15384615384615385,0.5723270440251572,3110.0,-270.0,-2450.0
2026,RTS,volume,0.0,5,4,29,630.0,630.0,126.0,21.724137931034484,0.2413793103448276,1.229090909090909,1550.0,1850.0,-1220.0
2026,RTS,volume,2.0,5,4,29,630.0,50.0,10.0,1.7241379310344827,0.20689655172413793,1.015625,1730.0,1550.0,-1500.0
2026,RTS,volume,4.0,5,4,29,630.0,-530.0,-106.0,-18.275862068965516,0.20689655172413793,0.855191256830601,1910.0,1250.0,-1780.0
2026,RTS,volume,8.0,5,4,29,630.0,-1690.0,-338.0,-58.275862068965516,0.13793103448275862,0.6349892008639308,2480.0,650.0,-2340.0
2026,MIX,baseline,0.0,5,5,29,150.0,150.0,30.0,5.172413793103448,0.2413793103448276,1.0192926045016077,4525.0,2500.0,-2350.0
2026,MIX,baseline,2.0,5,5,29,150.0,-1300.0,-260.0,-44.827586206896555,0.2413793103448276,0.8535211267605634,5125.0,1700.0,-3000.0
2026,MIX,baseline,4.0,5,5,29,150.0,-2750.0,-550.0,-94.82758620689656,0.2413793103448276,0.7243107769423559,5725.0,900.0,-3650.0
2026,MIX,baseline,8.0,5,5,29,150.0,-5650.0,-1130.0,-194.82758620689654,0.2413793103448276,0.5359342915811088,7950.0,-700.0,-4950.0
2026,MIX,volume,0.0,5,3,16,-700.0,-700.0,-140.0,-43.75,0.1875,0.8634146341463415,3750.0,1850.0,-2550.0
2026,MIX,volume,2.0,5,3,16,-700.0,-1500.0,-300.0,-93.75,0.1875,0.7402597402597403,4300.0,1400.0,-2900.0
2026,MIX,volume,4.0,5,3,16,-700.0,-2300.0,-460.0,-143.75,0.1875,0.642023346303502,4850.0,950.0,-3250.0
2026,MIX,volume,8.0,5,3,16,-700.0,-3900.0,-780.0,-243.75,0.1875,0.49514563106796117,5950.0,50.0,-3950.0
все,RTS,baseline,0.0,5,5,39,400.0,400.0,80.0,10.256410256410257,0.2564102564102564,1.1025641025641026,1640.0,1330.0,-930.0
все,RTS,baseline,2.0,5,5,39,400.0,-380.0,-76.0,-9.743589743589743,0.23076923076923078,0.9153674832962138,1880.0,930.0,-1310.0
все,RTS,baseline,4.0,5,5,39,400.0,-1160.0,-232.0,-29.743589743589745,0.23076923076923078,0.7721021611001965,2120.0,530.0,-1690.0
все,RTS,baseline,8.0,5,5,39,400.0,-2720.0,-544.0,-69.74358974358974,0.15384615384615385,0.5723270440251572,3110.0,-270.0,-2450.0
все,RTS,volume,0.0,5,4,29,630.0,630.0,126.0,21.724137931034484,0.2413793103448276,1.229090909090909,1550.0,1850.0,-1220.0
все,RTS,volume,2.0,5,4,29,630.0,50.0,10.0,1.7241379310344827,0.20689655172413793,1.015625,1730.0,1550.0,-1500.0
все,RTS,volume,4.0,5,4,29,630.0,-530.0,-106.0,-18.275862068965516,0.20689655172413793,0.855191256830601,1910.0,1250.0,-1780.0
все,RTS,volume,8.0,5,4,29,630.0,-1690.0,-338.0,-58.275862068965516,0.13793103448275862,0.6349892008639308,2480.0,650.0,-2340.0
все,MIX,baseline,0.0,5,5,29,150.0,150.0,30.0,5.172413793103448,0.2413793103448276,1.0192926045016077,4525.0,2500.0,-2350.0
все,MIX,baseline,2.0,5,5,29,150.0,-1300.0,-260.0,-44.827586206896555,0.2413793103448276,0.8535211267605634,5125.0,1700.0,-3000.0
все,MIX,baseline,4.0,5,5,29,150.0,-2750.0,-550.0,-94.82758620689656,0.2413793103448276,0.7243107769423559,5725.0,900.0,-3650.0
все,MIX,baseline,8.0,5,5,29,150.0,-5650.0,-1130.0,-194.82758620689654,0.2413793103448276,0.5359342915811088,7950.0,-700.0,-4950.0
все,MIX,volume,0.0,5,3,16,-700.0,-700.0,-140.0,-43.75,0.1875,0.8634146341463415,3750.0,1850.0,-2550.0
все,MIX,volume,2.0,5,3,16,-700.0,-1500.0,-300.0,-93.75,0.1875,0.7402597402597403,4300.0,1400.0,-2900.0
все,MIX,volume,4.0,5,3,16,-700.0,-2300.0,-460.0,-143.75,0.1875,0.642023346303502,4850.0,950.0,-3250.0
все,MIX,volume,8.0,5,3,16,-700.0,-3900.0,-780.0,-243.75,0.1875,0.49514563106796117,5950.0,50.0,-3950.0
