symbol,day,source_sha256,ticks,volume,bars,verified
RTS,2026-08-31,77733241fa84ff5446915b24b40e68d92cf3b6d40d32dfc93c487b2e30413ec4,56392,126016,203,True
RTS,2026-09-01,859af2d0099e52edb815b5442d78695a7224f426f8f42a6c865ec6b41b6f1a1f,56307,116245,203,True
RTS,2026-09-02,217a2212a52a0c755b15fd216650a2b50547adb2e1f3b01105c59bc7b8be3474,34658,65849,203,True
RTS,2026-09-03,8326a1f8c072dc747acc6c19ce1388192811d5f747904668afa3a1b6b0a0acdc,54122,115734,202,True
RTS,2026-09-04,744912ec66b85f4d8a472f1dbe8d36cd47c629f35f38055dddb09dccb376855e,48320,94751,203,True
RTS,2026-09-07,005dd4fa2fcea598f5606b618abd4ea507d96310ab81357a8de99dc94c3a9151,34489,62945,202,True
RTS,2026-09-08,578e14e0330b18a7b0f4d777fbb45bd97642488b360b55c00392d16ee0a468bf,48727,92749,203,True
RTS,2026-09-09,e964364f40f7c432f4b7d6d613dfe31e1953cdb0579c02fe1b7417796033437e,41876,82595,202,True
RTS,2026-09-10,3fd3f79b67586ab2b04eed5901fc1a6a5787f4a466c1b21d2c347ae2fd289c2d,40954,82642,202,True
RTS,2026-09-11,d9f0f2ab4dbdeae1abff245f8d8c737f4c4073c52ab7433794a1aa49d9f0bad8,45925,93592,203,True
RTS,2026-09-14,3b3a6ad49a0835ded7085b615249082e2714f9784c3ba8eb1203e0379e4b5e9c,49626,107554,203,True
RTS,2026-09-15,5e5e71911940867c5af4b4509352e4c0f98f361544a75666e694e4ed9cb56213,33053,65826,203,True
RTS,2026-09-16,de142e0a57ff534bb964fa11b21df5092a8011f3907ebbbc52566f6265bde318,22720,35262,202,True
RTS,2026-09-17,695e787a7e963d5df91f5b1bbe64476fe75aa840d5af8e3f49a3c89ad88bb0bf,41579,84715,203,True
RTS,2026-09-18,c5b70d30227130ee5baf94c4d80e71391b3b2ddfeeea3a10ee531d2577572179,34235,69914,202,True
RTS,2026-09-21,2a941f837ea3850a5e88ab6b970debb176d379f38634f5638b46484766a2b340,33858,65584,203,True
RTS,2026-09-22,8293bb91baced0660761fe942dcfc6bf576820610130da8ae46a8c0b20eab7fe,40312,80808,202,True
RTS,2026-09-23,7516278abd0a5349d54d225e098e569f4bf6eec1f6ad6b49398e4beebd290204,43584,84986,202,True
RTS,2026-09-24,56dbbde8a6c9647dfc46f28fbea098dd7276c8a0468bbe656cf6adbd74113550,40879,81144,203,True
RTS,2026-09-25,fcdb5929f667e82716cbf6bf095f17950ebf36eb4212f9a22f49bb20aea54939,29590,56737,203,True
RTS,2026-09-28,4b9b5b55c78ee6b5c33aa8f6a8d441c1df5615d81aeda7d951ef284c0acca6ef,30909,63098,203,True
RTS,2026-09-29,c27e7de0a36d830e12c96ee1328264b44bfad4e981754f8003da874564606bc7,44655,92978,203,True
RTS,2026-09-30,4e71eaf4c099704da2a70b5ae067aca5a281f876dde985bf02e542feb1f66e28,36084,69932,203,True
RTS,2026-10-01,4f21bd8c66fb452d967711a48271ab2120bb197e949f605f39f38817e8426ff0,30936,61650,203,True
RTS,2026-10-02,e9837689a244e715180e1c83e59464dd8840248e1f0f869403b01c7c5ce234bf,24584,49701,202,True
MIX,2026-08-31,0ea2e7f9d953ce4f483c502200b55c3a6788964ed23a2c7f00b3b117f792d059,164339,576856,203,True
MIX,2026-09-01,fdfe31a3f92bcbbf3614a8387ac693c23b62ccccf1e8d81290ec156591e6646f,175724,588303,203,True
MIX,2026-09-02,dc86a9e7764b42c975a769c4fe8d1ac498405b19f717e9a34177c2c4e23822f1,105848,321044,203,True
MIX,2026-09-03,9c848189b010c2d355436709a37a0f1fa35dbc69e4f33ebb0fcbb1fc7e0a6764,156617,507264,203,True
MIX,2026-09-04,c57dfae9f3f28151ef3168d3ce8050cfef314f2576cd5d83197a96ed0b242b8e,147908,457335,203,True
MIX,2026-09-07,78e2d2710c5e679397ca6985cb1b56c5de1893b28fb6c9b6f4da7498b7ae4eb7,90766,267948,203,True
MIX,2026-09-08,0c92dc0b927a7ba57862e344f18468bba7b4c372f8850ba9217fd62a419e4476,148753,469129,203,True
MIX,2026-09-09,7ac152eb703ae38692b136d8439d5020a00128fa1e4ce5226bef2295b933fc0d,125606,376371,203,True
MIX,2026-09-10,e10fb4ed4b4c56c9839d26efe76222d96c8d8e3692517c514d7ffafbf1e34530,116773,347056,203,True
MIX,2026-09-11,869f88320391ee6421ed71cdbc79ca996b0969ed4ee20a0d5da24574b7b47711,154759,496923,203,True
MIX,2026-09-14,33aa65b472c4fa1a6ec27e4e939dfe16f14ed91631b0679287345919e0377e13,159397,464385,203,True
MIX,2026-09-15,ae5ed534d613a05bfed3475c986dcb8cdfcfa06b2f2e3b621b94d2ace1fda647,116380,335017,203,True
MIX,2026-09-16,23afecc2f4710df616415127df0be779d0cc6d9db2baa1f3a5a44ad38e5f0626,78241,177192,203,True
MIX,2026-09-17,3a4d89f758723b146afc9724b75a1c52014206031458f97204d18cf402b6e444,130062,381403,203,True
MIX,2026-09-18,eb63c84bcd359c0d65a0a45f4c9c631e592afa29155b56efbd2edf3448531ca2,111432,326830,203,True
MIX,2026-09-21,82e9cecd9f8138d3d584506b093bc8c3da0f20eaedc32a23702ba3f3b8332675,88140,268747,203,True
MIX,2026-09-22,6536d9b4de11d9c8819112990664a415c6263d952cf9cd15127dc8f696c76ecc,126697,401659,203,True
MIX,2026-09-23,bb6f3ffd8b75fdfcc135e987b403111c856d6461f47def615955d3666dab1aa8,119950,389113,203,True
MIX,2026-09-24,3fd8c7df6e583311eb452649b4a61b5e558f409f79f8af2be4d0286a98d1e271,110797,341819,203,True
MIX,2026-09-25,7d397c194427c729da858985863cc0ce64a1b1040017458e314a2c22396855f4,107458,306639,203,True
MIX,2026-09-28,53edc7f4136e5bac3cdb85b46f29f2b277e3a0b72b9aa406dcf652a6735e4dc4,89891,266858,203,True
MIX,2026-09-29,bc85b3b22bda9902955c0d0af50f3c5fbf3cee2f17fb62afc27a2ef687da860a,125527,392146,203,True
MIX,2026-09-30,1fb67b14a636cc7add1d7c2d6de3f4b5760961e6020b75961fe8f5fc00de32d2,81886,232402,203,True
MIX,2026-10-01,50ba2f15b1b90b0acfcab278d8a951bd8cc4804e78d5373164c22bc554f89718,101334,283373,203,True
MIX,2026-10-02,ead8414fc0823d6b87d3a2c575a8a025e7ead9f0b92113e567a08c8fdeb0df49,66797,182734,203,True
